time,Open,High,low,Close
2019-12-13 18:00:00,1.0211946050096339,1.021178573884343,1.0269220094365805,1.0238655229662423
2019-12-13 19:00:00,1.0238655229662423,1.0215490533562823,1.0243632336655593,1.0235253535701967
2019-12-13 20:00:00,1.0235253535701967,1.0216927208869913,1.0234563642635393,1.0231018550444797
2019-12-13 21:00:00,1.0231018550444797,1.0231018550444797,1.025082918739635,1.0250120914806882
2019-12-13 22:00:00,1.0250120914806882,1.023807880753571,1.021519512870191,1.0223374827109266
2019-12-13 23:00:00,1.0223374827109266,1.0227147196906932,1.0223374827109266,1.0227147196906932
2019-12-14 00:00:00,1.0227147196906932,1.0224967221033745,1.0228073812979472,1.0221715706589307
2019-12-14 01:00:00,1.0221715706589307,1.0254219772648985,1.0222421772466672,1.0232958853125647
2019-12-14 02:00:00,1.0232958853125647,1.024950031015232,1.0238358435815946,1.0237569060773481
2019-12-14 03:00:00,1.0237569060773481,1.0236714975845411,1.0244071077922976,1.0233970598384983
2019-12-14 04:00:00,1.0233970598384983,1.0272207291020605,1.0233280419628683,1.0242574598580387
2019-12-14 05:00:00,1.0242574598580387,1.024643766779101,1.0226740179186768,1.0249965569480788
2019-12-14 06:00:00,1.0249965569480788,1.0241013634485607,1.0243767695601131,1.0243767695601131
2019-12-14 07:00:00,1.0243767695601131,1.0231532524807057,1.0248721846068813,1.023225361819435
2019-12-14 08:00:00,1.023225361819435,1.0229481083316105,1.0284772392508943,1.0260002788233653
2019-12-14 09:00:00,1.0260002788233653,1.026484081746142,1.024594745667971,1.0238144975976604
2019-12-14 10:00:00,1.0238144975976604,1.0233787920957418,1.0245518588268117,1.0242559420087822
2019-12-14 11:00:00,1.0242559420087822,1.0227604927959908,1.02085082563672,1.0219374608259628
2019-12-14 12:00:00,1.0219374608259628,1.0298725715479424,1.0233046399328154,1.023498146723547
2019-12-14 13:00:00,1.023498146723547,1.02257320567475,1.0217406550248966,1.0201666549961488
2019-12-14 14:00:00,1.0201666549961488,1.0205038488453464,1.022706438191947,1.0200853803625167
2019-12-14 15:00:00,1.0200853803625167,1.0195858981533297,1.020014245014245,1.0200723455564225
2019-12-14 16:00:00,1.0200723455564225,1.0206119847003825,1.014798398627395,1.0208569807037458
2019-12-14 17:00:00,1.0208569807037458,1.019882544399632,1.0195869704066425,1.0201998724218584
2019-12-14 18:00:00,1.0201998724218584,1.0185629587803502,1.0194911049684598,1.0189265536723164
2019-12-14 19:00:00,1.0189265536723164,1.0184949879994352,1.0172023219595072,1.0166265742181972
2019-12-14 20:00:00,1.0166265742181972,1.0173267326732673,1.0166383460775985,1.017413463580378
2019-12-14 21:00:00,1.017413463580378,1.0179188712522045,1.0169971671388103,1.0187226225801893
2019-12-14 22:00:00,1.0187226225801893,1.0189078594609848,1.0192511855049897,1.018909193537007
2019-12-14 23:00:00,1.018909193537007,1.0189078594609848,1.021103321294526,1.021103321294526
2019-12-15 00:00:00,1.021103321294526,1.020676957937969,1.0222491620908507,1.0201094294038229
2019-12-15 01:00:00,1.0201094294038229,1.0221465076660987,1.0218104062722737,1.0202429149797572
2019-12-15 02:00:00,1.0202429149797572,1.0214543652198542,1.0215275310834813,1.022055173391958
2019-12-15 03:00:00,1.022055173391958,1.0214756538379757,1.0215168299957393,1.0211542556967417
2019-12-15 04:00:00,1.0211542556967417,1.021404777092636,1.0212947189097104,1.0224918404995034
2019-12-15 05:00:00,1.0224918404995034,1.0217684180670779,1.0205241105035154,1.0204516403919899
2019-12-15 06:00:00,1.0204516403919899,1.020015615018809,1.0196273645285165,1.0191638867201362
2019-12-15 07:00:00,1.0191638867201362,1.0231880033324077,1.0209874786568014,1.022205099467638
2019-12-15 08:00:00,1.022205099467638,1.021484375,1.0214140279435513,1.0207881290683838
2019-12-15 09:00:00,1.0207881290683838,1.0209672910259995,1.0210526315789474,1.021243777606394
2019-12-15 10:00:00,1.021243777606394,1.0207428170988087,1.022310081897769,1.0218050949121444
2019-12-15 11:00:00,1.0218050949121444,1.0215999437135017,1.021877205363444,1.0202759785975781
2019-12-15 12:00:00,1.0202759785975781,1.0193774046869535,1.0233316786043543,1.0210854029576169
2019-12-15 13:00:00,1.0210854029576169,1.0198320276660315,1.018763718756638,1.0193001060445388
2019-12-15 14:00:00,1.0193001060445388,1.018484678099522,1.0197242841993637,1.0189143580368443
2019-12-15 15:00:00,1.0189143580368443,1.0190375834211451,1.0187455954897815,1.0187139439988744
2019-12-15 16:00:00,1.0187139439988744,1.0197331460674157,1.0207169624549246,1.020334674857022
2019-12-15 17:00:00,1.020334674857022,1.0195609344216154,1.0205479452054795,1.0203621503558091
2019-12-15 18:00:00,1.0203621503558091,1.0196230130820088,1.0201044018058691,1.0196230130820088
2019-12-15 19:00:00,1.0196230130820088,1.019547180424694,1.020376507085948,1.019225352112676
2019-12-15 20:00:00,1.019225352112676,1.0186535764375877,1.0192971336009577,1.0198694095345082
2019-12-15 21:00:00,1.0198694095345082,1.0209225584497648,1.0197720236419927,1.0217162133670672
2019-12-15 22:00:00,1.0217162133670672,1.0225263157894737,1.021731486039806,1.0213723284589427
2019-12-15 23:00:00,1.0213723284589427,1.0208684654300169,1.0220811287477953,1.0215265564544496
2019-12-16 00:00:00,1.0215265564544496,1.0197950301839114,1.0216143434200269,1.0213608714103835
2019-12-16 01:00:00,1.0213608714103835,1.0216700783510977,1.020799434029006,1.0207524528834615
2019-12-16 02:00:00,1.0207524528834615,1.0211053857556294,1.0214376680345267,1.020772980993429
2019-12-16 03:00:00,1.020772980993429,1.0204009600451787,1.0205498866213152,1.0201161637625726
2019-12-16 04:00:00,1.0201161637625726,1.0196092312048703,1.0208674595826508,1.020205600850762
2019-12-16 05:00:00,1.020205600850762,1.0210958516211242,1.0201590005678591,1.0205498866213152
2019-12-16 06:00:00,1.0205498866213152,1.0199943478875229,1.0204804762242223,1.0198061823583504
2019-12-16 07:00:00,1.0198061823583504,1.0193530159627067,1.0194897236002836,1.0194897236002836
2019-12-16 08:00:00,1.0194897236002836,1.019954712708746,1.0194464158977998,1.0196426038859736
2019-12-16 09:00:00,1.0196426038859736,1.020185565549968,1.019958803892322,1.0207268597387849
2019-12-16 10:00:00,1.0207268597387849,1.0190146320774722,1.020229982964225,1.0204211869814932
2019-12-16 11:00:00,1.0204211869814932,1.014889731703891,1.0198581560283688,1.0195080576759965
2019-12-16 12:00:00,1.0195080576759965,1.019002040959955,1.0200524339261674,1.019527670074022
2019-12-16 13:00:00,1.019527670074022,1.0158254322364753,1.0201763668430335,1.0196518809657495
2019-12-16 14:00:00,1.0196518809657495,1.0196078431372548,1.019642354266404,1.0197016605685336
2019-12-16 15:00:00,1.0197016605685336,1.020101208883891,1.021214907007991,1.0205624646693048
2019-12-16 16:00:00,1.0205624646693048,1.0194612889578338,1.0206331260599208,1.020759779692134
2019-12-16 17:00:00,1.020759779692134,1.019870349492672,1.0206891681965824,1.0197308153054754
2019-12-16 18:00:00,1.0197308153054754,1.0204311680991969,1.0134857812958076,1.019994204578383
2019-12-16 19:00:00,1.019994204578383,1.020272227048943,1.020705745115194,1.0182081973159232
2019-12-16 20:00:00,1.0182081973159232,1.018397798058815,1.0222775905027115,1.020589953271028
2019-12-16 21:00:00,1.020589953271028,1.0195964581216432,1.020589953271028,1.0194323144104804
2019-12-16 22:00:00,1.0194323144104804,1.0193843473210396,1.0189380144220264,1.0199127906976744
2019-12-16 23:00:00,1.0199127906976744,1.0183652729384436,1.0192951798456387,1.0194965808235124
2019-12-17 00:00:00,1.0194965808235124,1.018587090684673,1.0188487009679064,1.0189831987780928
2019-12-17 01:00:00,1.0189831987780928,1.0204363636363636,1.0195150367727372,1.0189214758751182
2019-12-17 02:00:00,1.0189214758751182,1.0181699251399083,1.018995633187773,1.0180324292881553
2019-12-17 03:00:00,1.0180324292881553,1.0180324292881553,1.0167153284671533,1.0167406652594804
2019-12-17 04:00:00,1.0167406652594804,1.0168012219070477,1.0168465577596266,1.0165854368225795
2019-12-17 05:00:00,1.0165854368225795,1.0174342583175942,1.0177674215393577,1.01767144207694
2019-12-17 06:00:00,1.01767144207694,1.0173742366967142,1.017679156056748,1.0177506183617053
2019-12-17 07:00:00,1.0177506183617053,1.019204190005092,1.020051039008385,1.0196706979455048
2019-12-17 08:00:00,1.0196706979455048,1.018995633187773,1.0218123261601522,1.019069801295582
2019-12-17 09:00:00,1.019069801295582,1.0191217100479861,1.0184902089248016,1.019727742592997
2019-12-17 10:00:00,1.019727742592997,1.017617632132241,1.019727742592997,1.019043465620003
2019-12-17 11:00:00,1.019043465620003,1.016955266955267,1.0194280724732592,1.0168146063361478
2019-12-17 12:00:00,1.0168146063361478,1.0168036924852157,1.0176423416198876,1.0181315080463118
2019-12-17 13:00:00,1.0181315080463118,1.0171636363636363,1.0249249249249248,1.0198283515833086
2019-12-17 14:00:00,1.0198283515833086,1.019606392423794,1.021902190219022,1.0189896891921963
2019-12-17 15:00:00,1.0189896891921963,1.0213523131672597,1.0202631972483924,1.0203379691939585
2019-12-17 16:00:00,1.0203379691939585,1.01880621422731,1.023716012084592,1.018658935474279
2019-12-17 17:00:00,1.018658935474279,1.018270944741533,1.0192336476575363,1.018119454179405
2019-12-17 18:00:00,1.018119454179405,1.0214365463342017,1.0191919946232544,1.0187947494033414
2019-12-17 19:00:00,1.0187947494033414,1.0184964200477327,1.01954224013383,1.0186880532647349
2019-12-17 20:00:00,1.0186880532647349,1.0182462489632813,1.0192,1.0172492401215805
2019-12-17 21:00:00,1.0172492401215805,1.0178422922809405,1.0181098767310912,1.0178544409139052
2019-12-17 21:00:00,1.0172492401215805,1.0178422922809405,1.0181098767310912,1.0178544409139052
2019-12-17 22:00:00,1.0178544409139052,1.0181164845036683,1.01884489204242,1.0183297839975662
2019-12-17 23:00:00,1.0183297839975662,1.0174234424498416,1.0218855218855218,1.0180745670422748
2019-12-18 00:00:00,1.0180745670422748,1.0182105500790126,1.0182094081942337,1.0178383260575041
2019-12-18 01:00:00,1.0178383260575041,1.0172426718644576,1.017484362046876,1.0172997367431365
2019-12-18 02:00:00,1.0172997367431365,1.0157592053177982,1.0180763726745499,1.0154801076877056
2019-12-18 03:00:00,1.0154801076877056,1.015946348733234,1.0164818699430627,1.016471997604073
2019-12-18 04:00:00,1.016471997604073,1.0157380472887299,1.0177563764953728,1.0158194631878843
2019-12-18 05:00:00,1.0158194631878843,1.0165555472320025,1.016395908543923,1.0157728706624605
2019-12-18 06:00:00,1.0157728706624605,1.016861510791367,1.0159546313799621,1.015712343254268
2019-12-18 07:00:00,1.015712343254268,1.0150966183574879,1.0164843512610149,1.015421832476565
2019-12-18 08:00:00,1.015421832476565,1.0152666014890577,1.0162792458544712,1.0154939158037941
2019-12-18 09:00:00,1.0154939158037941,1.0147523709167545,1.0154939158037941,1.0159963781785257
2019-12-18 10:00:00,1.0159963781785257,1.0119226154769045,1.0165658093797276,1.0152723442672285
2019-12-18 11:00:00,1.0152723442672285,1.0148905768218395,1.0152902883960335,1.0142144261303494
2019-12-18 12:00:00,1.0142144261303494,1.0141238670694863,1.020284917931248,1.0132394581770874
2019-12-18 13:00:00,1.0132394581770874,1.0130714072303555,1.0160686427457097,1.0154515451545154
2019-12-18 14:00:00,1.0154515451545154,1.0121679774447248,1.0149951021023285,1.0151730323641528
2019-12-18 15:00:00,1.0151730323641528,1.0135548753825974,1.0157709843785037,1.0151781786185659
2019-12-18 16:00:00,1.0151781786185659,1.012894813097653,1.0146071560309848,1.0133119953444387
2019-12-18 17:00:00,1.0133119953444387,1.0122189284939629,1.0123637427756236,1.013045696377815
2019-12-18 18:00:00,1.013045696377815,1.0133837649112598,1.013782991202346,1.01224043715847
2019-12-18 19:00:00,1.01224043715847,1.0117714613838644,1.0134247774697214,1.0135902782771267
2019-12-18 20:00:00,1.0135902782771267,1.0124826629680999,1.01260625270134,1.0132003932032019
2019-12-18 21:00:00,1.0132003932032019,1.0130664442591049,1.013421403977233,1.0144449898324102
2019-12-18 22:00:00,1.0144449898324102,1.0084825006679135,1.0140242619732136,1.0066127847171198
2019-12-18 23:00:00,1.0066127847171198,1.0088790974030308,1.0435399234151184,1.0146816684961582
2019-12-19 00:00:00,1.0146816684961582,1.0159397680255036,1.0153633217993079,1.0170309591119078
2019-12-19 01:00:00,1.0170309591119078,1.0170309591119078,1.0180060253625727,1.0182705718270573
2019-12-19 02:00:00,1.0182705718270573,1.018224819143016,1.0183370660694289,1.017314808350206
2019-12-19 03:00:00,1.017314808350206,1.017055342847198,1.017601452818328,1.0170862682195412
2019-12-19 04:00:00,1.0170862682195412,1.0170165283492574,1.0172498422270528,1.0176482946985084
2019-12-19 05:00:00,1.0176482946985084,1.0187731174541141,1.018987341772152,1.018532764528988
2019-12-19 06:00:00,1.018532764528988,1.0188494833845294,1.02,1.0224466891133557
2019-12-19 07:00:00,1.0224466891133557,1.0241765942536791,1.0234970364098221,1.0251780802595387
2019-12-19 08:00:00,1.0251780802595387,1.0262361961032567,1.0227658371040724,1.0263716063348416
2019-12-19 09:00:00,1.0263716063348416,1.0273109243697478,1.0298549900483367,1.0277777777777777
2019-12-19 10:00:00,1.0277777777777777,1.027079707622694,1.028902953586498,1.0274317704688594
2019-12-19 11:00:00,1.0274317704688594,1.0324358258928572,1.0272548468670974,1.0299061493206332
2019-12-19 12:00:00,1.0299061493206332,1.0298403886190146,1.0291622853137048,1.025424909445528
2019-12-19 13:00:00,1.025424909445528,1.025121107266436,1.0276399716513112,1.0268513284341436
2019-12-19 14:00:00,1.0268513284341436,1.0275513072814169,1.027201246723808,1.0254445772123428
2019-12-19 15:00:00,1.0254445772123428,1.0257501744591766,1.0253957087583538,1.0255673858223593
2019-12-19 16:00:00,1.0255673858223593,1.0257573642328632,1.0249525550010543,1.025732716309073
2019-12-19 17:00:00,1.025732716309073,1.0236462851546104,1.0232394366197184,1.0234550561797753
2019-12-19 18:00:00,1.0234550561797753,1.0237562884292901,1.0234781386194292,1.025190679448604
2019-12-19 19:00:00,1.025190679448604,1.0259251515785073,1.0258747633405791,1.0267838459928855
2019-12-19 20:00:00,1.0267838459928855,1.026069984664715,1.025073539711444,1.0255997761768203
2019-12-19 21:00:00,1.0255997761768203,1.023585234805666,1.024431339511373,1.023355010139151
2019-12-19 22:00:00,1.023355010139151,1.024601621470506,1.017120404153803,1.0236429770565194
2019-12-19 23:00:00,1.0236429770565194,1.0228479597540525,1.0210813839473316,1.021333146814017
2019-12-20 00:00:00,1.021333146814017,1.0214595274709912,1.0223964956902643,1.0221941283888187
2019-12-20 01:00:00,1.0221941283888187,1.0216216216216216,1.0206614484168959,1.0233753432373442
2019-12-20 02:00:00,1.0233753432373442,1.0260022427810485,1.0233229988726043,1.026190141834012
2019-12-20 03:00:00,1.026190141834012,1.0312434325744309,1.0263342696629214,1.0296078018662738
2019-12-20 04:00:00,1.0296078018662738,1.0292426367461431,1.028238269176735,1.028166046217602
2019-12-20 05:00:00,1.028166046217602,1.028701754385965,1.0280129833474456,1.0280129833474456
2019-12-20 06:00:00,1.0280129833474456,1.0270972270972272,1.0289752650176678,1.0271658807797874
2019-12-20 07:00:00,1.0271658807797874,1.0288811188811189,1.02709740990991,1.0264817150063053
2019-12-20 08:00:00,1.0264817150063053,1.0253085128634176,1.02837980938934,1.0273588214661522
2019-12-20 09:00:00,1.0273588214661522,1.0270478054235392,1.028340365682138,1.0280058959781007
2019-12-20 10:00:00,1.0280058959781007,1.0271765777124047,1.0263915210219696,1.0262881177707677
2019-12-20 11:00:00,1.0262881177707677,1.028405513188274,1.026380411141514,1.0259876716166993
2019-12-20 12:00:00,1.0259876716166993,1.0251773542912783,1.026850813236119,1.0263341228925735
2019-12-20 13:00:00,1.0263341228925735,1.0260481961275945,1.0269647223192455,1.0257160777754548
2019-12-20 14:00:00,1.0257160777754548,1.023756599055293,1.0048245000699203,1.0244682330043098
2019-12-20 15:00:00,1.0244682330043098,1.0215991692627207,1.0259303384960403,1.0244107155347275
2019-12-20 16:00:00,1.0244107155347275,1.022406812787938,1.0247632409680814,1.0229130282920014
2019-12-20 17:00:00,1.0229130282920014,1.0221340572144497,1.0243816997127444,1.0224421522163367
2019-12-20 18:00:00,1.0224421522163367,1.021241149521033,1.0255602240896358,1.0216377930842553
2019-12-20 19:00:00,1.0216377930842553,1.0213948318977493,1.0225768239147097,1.0222608695652173
2019-12-20 20:00:00,1.0222608695652173,1.021421143847487,1.0213758529452723,1.0224212133833126
2019-12-20 21:00:00,1.0224212133833126,1.0220726035954744,1.0223397592038417,1.0223890974829648
2019-12-20 22:00:00,1.0223890974829648,1.0218902015288396,1.022646505470002,1.0225532507308923
2019-12-20 23:00:00,1.0225532507308923,1.0221248173658943,1.0211861453759843,1.0212203436999931
2019-12-21 00:00:00,1.0212203436999931,1.0217723984418474,1.0218728162124389,1.0225909914935156
2019-12-21 01:00:00,1.0225909914935156,1.022163367716755,1.022287431006777,1.022844767360626
2019-12-21 02:00:00,1.022844767360626,1.022931623335889,1.0231956962202193,1.0229332218039873
2019-12-21 03:00:00,1.0229332218039873,1.022931623335889,1.0231811199553136,1.0228874467936642
2019-12-21 04:00:00,1.0228874467936642,1.0274335050828576,1.0239328201539537,1.0236446309898566
2019-12-21 05:00:00,1.0236446309898566,1.0264590896397654,1.0241562806329645,1.0235285903791105
2019-12-21 06:00:00,1.0235285903791105,1.0233873219771015,1.0238778797003012,1.0238778797003012
2019-12-21 07:00:00,1.0238778797003012,1.0237361714045652,1.0245752001123438,1.0233438485804416
2019-12-21 08:00:00,1.0233438485804416,1.0228927471296556,1.0234873448783566,1.0228227387286475
2019-12-21 09:00:00,1.0228227387286475,1.02310277233268,1.0237273815391115,1.0226250702641935
2019-12-21 10:00:00,1.0226250702641935,1.0229788426509738,1.0226969292389854,1.0224900161143418
2019-12-21 11:00:00,1.0224900161143418,1.0227256835186351,1.0227814383849712,1.023016650342801
2019-12-21 12:00:00,1.023016650342801,1.0262918677015593,1.019833204849674,1.0230134303301623
2019-12-21 13:00:00,1.0230134303301623,1.0230134303301623,1.0209210895815781,1.020978039710938
2019-12-21 14:00:00,1.020978039710938,1.0215595688086239,1.0214140279435513,1.0219464310755855
2019-12-21 15:00:00,1.0219464310755855,1.0220541902961562,1.0216750841750841,1.022708158116064
2019-12-21 16:00:00,1.022708158116064,1.0236727833029835,1.0236408277797264,1.0231124807395995
2019-12-21 17:00:00,1.0231124807395995,1.0231500909218072,1.0229039714225678,1.0225953130465197
2019-12-21 18:00:00,1.0225953130465197,1.0225921521997623,1.0221817927366874,1.022177137260389
2019-12-21 19:00:00,1.022177137260389,1.0225269343780607,1.02246640537514,1.0223948491846875
2019-12-21 20:00:00,1.0223948491846875,1.0235713786108973,1.02246640537514,1.0228019864307196
2019-12-21 21:00:00,1.0228019864307196,1.022946017575673,1.0255489864864864,1.023058592654892
2019-12-21 22:00:00,1.023058592654892,1.022693843244379,1.0233667812785068,1.0226238005183161
2019-12-21 23:00:00,1.0226238005183161,1.0224042568087937,1.023432019082363,1.022549019607843
2019-12-22 00:00:00,1.022549019607843,1.0224774175477909,1.0230682933669892,1.0229852838121933
2019-12-22 00:00:00,1.022549019607843,1.0224774175477909,1.0230682933669892,1.0229852838121933
2019-12-22 01:00:00,1.0229852838121933,1.0229531140657802,1.0230569766626953,1.0229531140657802
2019-12-22 02:00:00,1.0229531140657802,1.0229466909192668,1.0229547204143048,1.0228767314957325
2019-12-22 03:00:00,1.0228767314957325,1.0229466909192668,1.023534355957134,1.0234626698417146
2019-12-22 04:00:00,1.0234626698417146,1.0243031236867908,1.023534355957134,1.0240246550395742
2019-12-22 05:00:00,1.0240246550395742,1.0239529345846756,1.023352033660589,1.023842917251052
2019-12-22 06:00:00,1.023842917251052,1.0235541535226078,1.0240803145183937,1.0235558048233315
2019-12-22 07:00:00,1.0235558048233315,1.0261805555555557,1.0235558048233315,1.0224523842624773
2019-12-22 08:00:00,1.0224523842624773,1.025676613462873,1.0236275678328541,1.0225574411620924
2019-12-22 09:00:00,1.0225574411620924,1.0225291204575573,1.0226288587791592,1.0223338916806253
2019-12-22 10:00:00,1.0223338916806253,1.0227509914422876,1.0229050279329608,1.0230855070442182
2019-12-22 11:00:00,1.0230855070442182,1.0235490838152304,1.0229146290345117,1.0229130282920014
2019-12-22 12:00:00,1.0229130282920014,1.0223911830357142,1.0229146290345117,1.0226051768645783
2019-12-22 13:00:00,1.0226051768645783,1.0231475045182816,1.0234768026830632,1.0234505862646566
2019-12-22 14:00:00,1.0234505862646566,1.0234276948821643,1.0231714126186489,1.0228842531221656
2019-12-22 15:00:00,1.0228842531221656,1.0236986586976162,1.023025397711415,1.0234565323310365
2019-12-22 16:00:00,1.0234565323310365,1.0197260273972604,1.023025397711415,1.0240121790879524
2019-12-22 17:00:00,1.0240121790879524,1.0232605452326053,1.0250694444444444,1.0234594077012515
2019-12-22 18:00:00,1.0234594077012515,1.0241935483870968,1.0236726874657909,1.0256323549303394
2019-12-22 19:00:00,1.0256323549303394,1.0247823174815807,1.0161443494776827,1.0268188880632305
2019-12-22 20:00:00,1.0268188880632305,1.0240107310529847,1.027387070597782,1.0266262217728346
2019-12-22 21:00:00,1.0266262217728346,1.0261385071409324,1.0270892591087635,1.027014250016884
2019-12-22 22:00:00,1.027014250016884,1.0261667116266522,1.0266865348144134,1.025107991360691
2019-12-22 23:00:00,1.025107991360691,1.0248871781258295,1.025040496760259,1.0252347027099007
2019-12-23 00:00:00,1.0252347027099007,1.0245837157466895,1.0252347027099007,1.0251572327044025
2019-12-23 01:00:00,1.0251572327044025,1.0243423635649784,1.0252870511714343,1.0249523934598463
2019-12-23 02:00:00,1.0249523934598463,1.023815755037948,1.025864920288417,1.0257766027759418
2019-12-23 03:00:00,1.0257766027759418,1.0257759074171489,1.025910503007469,1.0267957074198433
2019-12-23 04:00:00,1.0267957074198433,1.0259347024749867,1.0254326859558727,1.0256274768824307
2019-12-23 05:00:00,1.0256274768824307,1.0252571880770245,1.0256461232604375,1.0252150893448049
2019-12-23 06:00:00,1.0252150893448049,1.0253340388940335,1.0272660280029478,1.0254594052789843
2019-12-23 07:00:00,1.0254594052789843,1.0245961576813136,1.0261398582698222,1.0246987550762265
2019-12-23 08:00:00,1.0246987550762265,1.0259215062317688,1.0251333333333332,1.0252156602521567
2019-12-23 09:00:00,1.0252156602521567,1.0256002122297387,1.0254259850905219,1.025273631840796
2019-12-23 10:00:00,1.025273631840796,1.025697066030863,1.025531914893617,1.0262388733891326
2019-12-23 11:00:00,1.0262388733891326,1.0252872045424535,1.0259481037924152,1.0271199894165894
2019-12-23 12:00:00,1.0271199894165894,1.0259594424995047,1.0277998938428874,1.0269108701401746
2019-12-23 13:00:00,1.0269108701401746,1.0274649278798655,1.0321309285237141,1.0282560999933514
2019-12-23 14:00:00,1.0282560999933514,1.0281002638522427,1.029879679144385,1.0263852242744063
2019-12-23 15:00:00,1.0263852242744063,1.0263140626025329,1.027796161482462,1.02700744351492
2019-12-23 16:00:00,1.02700744351492,1.0263739119137327,1.029264715685621,1.0275765831616719
2019-12-23 17:00:00,1.0275765831616719,1.0265264272011643,1.0278154681139755,1.0282699851210604
2019-12-23 18:00:00,1.0282699851210604,1.026778523489933,1.0276948140103177,1.0265026029342168
2019-12-23 19:00:00,1.0265026029342168,1.0265653372789023,1.0265438786565546,1.0258962803524585
2019-12-23 20:00:00,1.0258962803524585,1.0258272800645682,1.0271257525536088,1.0273028316550652
2019-12-23 21:00:00,1.0273028316550652,1.0268955264224895,1.0260541652382584,1.0285675232367415
2019-12-23 22:00:00,1.0285675232367415,1.0273112112522191,1.027533039647577,1.027560674619498
2019-12-23 23:00:00,1.027560674619498,1.026918359002317,1.0274235568353216,1.0275574398249452
2019-12-24 00:00:00,1.0275574398249452,1.0270639693821761,1.027730111881392,1.0265068493150684
2019-12-24 01:00:00,1.0265068493150684,1.0269272826681246,1.0278102039414956,1.027054794520548
2019-12-24 02:00:00,1.027054794520548,1.027806244448999,1.027125145557915,1.0276752767527675
2019-12-24 03:00:00,1.0276752767527675,1.027358941120284,1.0269752156647953,1.0269049086054631
2019-12-24 04:00:00,1.0269049086054631,1.026912568306011,1.0264959605641517,1.0265571526351813
2019-12-24 05:00:00,1.0265571526351813,1.0270159639787146,1.0267698206216622,1.0261990857610699
2019-12-24 06:00:00,1.0261990857610699,1.027423425881711,1.0260388190267906,1.0262312999521825
2019-12-24 07:00:00,1.0262312999521825,1.0262996106291413,1.0277220877981335,1.026631709672968
2019-12-24 08:00:00,1.026631709672968,1.0275384928440616,1.026880975474574,1.0263193688792165
2019-12-24 09:00:00,1.0263193688792165,1.0258317554774141,1.0272540983606557,1.0277740051609399
2019-12-24 10:00:00,1.0277740051609399,1.0267144596239686,1.0275054466230937,1.0270123891408842
2019-12-24 11:00:00,1.0270123891408842,1.0269282814614344,1.0282793867120954,1.028049443086118
2019-12-24 12:00:00,1.028049443086118,1.0271278399457444,1.0272974812797822,1.0273944667255794
2019-12-24 13:00:00,1.0273944667255794,1.0271422769730607,1.027537907119059,1.027335006443736
2019-12-24 14:00:00,1.027335006443736,1.0300006741724532,1.0292269871619777,1.0284059945504087
2019-12-24 15:00:00,1.0284059945504087,1.0275185614058988,1.027835336372427,1.0257962440668638
2019-12-24 16:00:00,1.0257962440668638,1.0258750857927248,1.0257263712641287,1.0259455007207083
2019-12-24 17:00:00,1.0259455007207083,1.0255637036529368,1.0263103233400264,1.0267931320963721
2019-12-24 18:00:00,1.0267931320963721,1.0255063247390612,1.0259241143176578,1.023969985409574
2019-12-24 19:00:00,1.023969985409574,1.0267364939360528,1.024655244463017,1.0251363856087288
2019-12-24 20:00:00,1.0251363856087288,1.0255474452554745,1.025142380886234,1.025088363711969
2019-12-24 21:00:00,1.025088363711969,1.025443011790664,1.0253138220403635,1.025410854854302
2019-12-24 22:00:00,1.025410854854302,1.025455298013245,1.025996533795494,1.0256516628638594
2019-12-24 23:00:00,1.0256516628638594,1.0249208316122815,1.0257388649923684,1.0266933370120017
2019-12-25 00:00:00,1.0266933370120017,1.0263139767169525,1.025188568265172,1.025117630777747
2019-12-25 01:00:00,1.025117630777747,1.0246376811594202,1.025219981985727,1.0248515808366698
2019-12-25 02:00:00,1.0248515808366698,1.0251259750120798,1.0256694111949076,1.0254530363812422
2019-12-25 03:00:00,1.0254530363812422,1.0257136932328748,1.0260694723705193,1.0259515570934257
2019-12-25 04:00:00,1.0259515570934257,1.0250431183166608,1.0258913118726203,1.0257721274096594
2019-12-25 05:00:00,1.0257721274096594,1.0252037011462505,1.0255345650820011,1.0254636036534737
2019-12-25 06:00:00,1.0254636036534737,1.0243295548797346,1.0255681818181819,1.0250675160999931
2019-12-25 07:00:00,1.0250675160999931,1.025695783962524,1.027816411682893,1.0251880477537783
2019-12-25 08:00:00,1.0251880477537783,1.0257895462694802,1.0264648977335544,1.0263739298536316
2019-12-25 09:00:00,1.0263739298536316,1.0267641581016762,1.0262774734798585,1.0256907416383907
2019-12-25 10:00:00,1.0256907416383907,1.0253856263401813,1.026242710358234,1.0260369780486116
2019-12-25 11:00:00,1.0260369780486116,1.0253357330748996,1.0258154059680777,1.0257442231628617
2019-12-25 12:00:00,1.0257442231628617,1.0258055613054577,1.0283361250697933,1.026042388142402
2019-12-25 13:00:00,1.026042388142402,1.026042388142402,1.027690590779103,1.025594658506051
2019-12-25 14:00:00,1.025594658506051,1.02547196002221,1.027155322862129,1.0249895586802171
2019-12-25 15:00:00,1.0249895586802171,1.025225851285615,1.0246586792978545,1.0247859082364408
2019-12-25 16:00:00,1.0247859082364408,1.02452751528627,1.0243971032834143,1.0262918039683095
2019-12-25 17:00:00,1.0262918039683095,1.0274460507018646,1.026556133202192,1.0258705076213117
2019-12-25 18:00:00,1.0258705076213117,1.0267271458478715,1.0265741130276258,1.0258951629789907
2019-12-25 19:00:00,1.0258951629789907,1.025286721016996,1.0260511244587234,1.0258077907700824
2019-12-25 20:00:00,1.0258077907700824,1.025411473039047,1.025429600886918,1.025850152059718
2019-12-25 21:00:00,1.025850152059718,1.0252106644564167,1.0263833923488161,1.025667707249393
2019-12-25 22:00:00,1.025667707249393,1.0258507173054265,1.0267969295184927,1.0258883953359246
2019-12-25 23:00:00,1.0258883953359246,1.02553250537709,1.0260336906584993,1.0257140871499062
2019-12-26 00:00:00,1.0257140871499062,1.026206322795341,1.0268049850309824,1.0268031189083822
2019-12-26 01:00:00,1.0268031189083822,1.0263450576949813,1.0268914588268079,1.0263450576949813
2019-12-26 02:00:00,1.0263450576949813,1.0264546590751285,1.0260706340378198,1.0259993048314215
2019-12-26 03:00:00,1.0259993048314215,1.0263468891206118,1.025562443407397,1.0256320958417497
2019-12-26 03:00:00,1.0259993048314215,1.0263468891206118,1.025562443407397,1.0256320958417497
2019-12-26 04:00:00,1.0256320958417497,1.0265739130434783,1.0260609016793254,1.0261305832346177
2019-12-26 05:00:00,1.0261305832346177,1.0255375408809408,1.0261415127222029,1.0256410256410255
2019-12-26 06:00:00,1.0256410256410255,1.0248838982463437,1.025712493902864,1.0258279525098937
2019-12-26 07:00:00,1.0258279525098937,1.0252654959394738,1.025733759910975,1.025696228904785
2019-12-26 08:00:00,1.025696228904785,1.0247579529737205,1.0258369217946937,1.0250121249913393
2019-12-26 09:00:00,1.0250121249913393,1.0252042653372109,1.0249115259177017,1.0251162145285506
2019-12-26 10:00:00,1.0251162145285506,1.0254419410745235,1.0248404107688038,1.0262975298362476
2019-12-26 11:00:00,1.0262975298362476,1.0262245039544886,1.0253552521593758,1.0248520710059172
2019-12-26 12:00:00,1.0248520710059172,1.0250433576135969,1.0254998954922316,1.025628559522156
2019-12-26 13:00:00,1.025628559522156,1.0265148885958215,1.0260978495371982,1.0258955845598445
2019-12-26 14:00:00,1.0258955845598445,1.0260694723705193,1.0259830484924275,1.0263541160968166
2019-12-26 15:00:00,1.0263541160968166,1.0260521042084167,1.0260308204914619,1.0264433061054963
2019-12-26 16:00:00,1.0264433061054963,1.0273253833049403,1.0265591323089758,1.0271209540034072
2019-12-26 17:00:00,1.0271209540034072,1.0260409602604097,1.0267686424474187,1.0278570457942655
2019-12-26 18:00:00,1.0278570457942655,1.026221288705197,1.0271853921101042,1.0269277845777234
2019-12-26 19:00:00,1.0269277845777234,1.0246474143720619,1.0265297684674752,1.0263212009047913
2019-12-26 20:00:00,1.0263212009047913,1.0262366766876196,1.0265633646928611,1.0256693348054098
2019-12-26 21:00:00,1.0256693348054098,1.025598564824398,1.025766016713092,1.0267204787419109
2019-12-26 22:00:00,1.0267204787419109,1.026491447642887,1.0263231587790536,1.026161981630949
2019-12-26 23:00:00,1.026161981630949,1.0260452840672316,1.0255052264808362,1.0261474269819193
2019-12-27 00:00:00,1.0261474269819193,1.0269257460097154,1.0262443438914026,1.0265646731571627
2019-12-27 01:00:00,1.0265646731571627,1.0255626562934148,1.026176552492342,1.0254931925534871
2019-12-27 02:00:00,1.0254931925534871,1.0277065872411166,1.0255644320944772,1.0279589288192035
2019-12-27 03:00:00,1.0279589288192035,1.0277142659183816,1.0278414219259877,1.0275235718247366
2019-12-27 04:00:00,1.0275235718247366,1.0278547671840355,1.0263817346512598,1.0263817346512598
2019-12-27 05:00:00,1.0263817346512598,1.0272203319213944,1.0271061250087101,1.0271191154996175
2019-12-27 06:00:00,1.0271191154996175,1.0266889074228525,1.026546822742475,1.0271474314353335
2019-12-27 07:00:00,1.0271474314353335,1.0270759379132735,1.0278942953020134,1.0273666573582798
2019-12-27 08:00:00,1.0273666573582798,1.0272189349112426,1.0275408919334545,1.0272511848341233
2019-12-27 09:00:00,1.0272511848341233,1.027179594396822,1.0268779670483106,1.0267346084042999
2019-12-27 10:00:00,1.0267346084042999,1.0268839671263408,1.027174292699965,1.0264277247053901
2019-12-27 11:00:00,1.0264277247053901,1.0262864314600475,1.0211048158640226,1.027384723688842
2019-12-27 12:00:00,1.027384723688842,1.0267082899757198,1.0269543685886098,1.0271377012770684
2019-12-27 13:00:00,1.0271377012770684,1.0229086406164007,1.0274049217002237,1.0277506623901826
2019-12-27 14:00:00,1.0277506623901826,1.0268297768819072,1.0277506623901826,1.027079707622694
2019-12-27 15:00:00,1.027079707622694,1.027835336372427,1.0269536147095695,1.0281738889658036
2019-12-27 16:00:00,1.0281738889658036,1.0304533553810113,1.0285854067654459,1.0275593291112812
2019-12-27 17:00:00,1.0275593291112812,1.0265990693798182,1.0275472487621173,1.027079707622694
2019-12-27 18:00:00,1.027079707622694,1.0270906949352179,1.0271512113617376,1.0283038501560875
2019-12-27 19:00:00,1.0283038501560875,1.0275909878682843,1.0287108013937283,1.027700638711469
2019-12-27 20:00:00,1.027700638711469,1.0270120515306829,1.027700638711469,1.0278740812647345
2019-12-27 21:00:00,1.0278740812647345,1.0273583598836404,1.027203331020125,1.0268902903874142
2019-12-27 22:00:00,1.0268902903874142,1.0274710104914413,1.0269614638203493,1.0277355097523861
2019-12-27 23:00:00,1.0277355097523861,1.0256835128417565,1.0268005540166205,1.0254073460370063
2019-12-28 00:00:00,1.0254073460370063,1.0250410509031198,1.0264831973447657,1.025208932730511
2019-12-28 01:00:00,1.025208932730511,1.024380249948781,1.0257466529351185,1.025210659724601
2019-12-28 02:00:00,1.025210659724601,1.0248803827751196,1.0259498898678414,1.0251097694840834
2019-12-28 03:00:00,1.0251097694840834,1.0247497600438777,1.0254947773501923,1.0254138333676763
2019-12-28 04:00:00,1.0254138333676763,1.0253424657534247,1.0261294093378257,1.0248834658623527
2019-12-28 05:00:00,1.0248834658623527,1.0252904989747096,1.0249520153550864,1.025376196990424
2019-12-28 06:00:00,1.025376196990424,1.0252569950302948,1.0267133635489631,1.0260069992451795
2019-12-28 07:00:00,1.0260069992451795,1.0252376718418712,1.0259633216567072,1.0255074053757542
2019-12-28 08:00:00,1.0255074053757542,1.0256445419637958,1.0280502970844272,1.0263591433278418
2019-12-28 09:00:00,1.0263591433278418,1.0264474134977732,1.0268673125815984,1.0272995404348721
2019-12-28 10:00:00,1.0272995404348721,1.0263877495214657,1.0275909402882635,1.0270214803666713
2019-12-28 11:00:00,1.0270214803666713,1.027089889177726,1.0272352132049518,1.0270233196159122
2019-12-28 12:00:00,1.0270233196159122,1.026795504385965,1.0274000824062628,1.0276557782047764
2019-12-28 13:00:00,1.0276557782047764,1.0276538804638715,1.0279133722928842,1.0265559596514102
2019-12-28 14:00:00,1.0265559596514102,1.0270048540370547,1.0268322810870163,1.0277074639118835
2019-12-28 15:00:00,1.0277074639118835,1.0276303253028447,1.0272646109470502,1.028316763798423
2019-12-28 16:00:00,1.028316763798423,1.0280207763805358,1.0285320468642316,1.0279792037214392
2019-12-28 17:00:00,1.0279792037214392,1.0296563948731934,1.0282857338538456,1.028863868986694
2019-12-28 18:00:00,1.028863868986694,1.0289332153312003,1.0290093048713738,1.0282161645145864
2019-12-28 19:00:00,1.0282161645145864,1.0279367675115836,1.0284913910904618,1.0279787088849461
2019-12-28 20:00:00,1.0279787088849461,1.0271909499795557,1.0282354549805155,1.026962457337884
2019-12-28 21:00:00,1.026962457337884,1.0270307167235495,1.0277055684772198,1.0278404815650866
2019-12-28 22:00:00,1.0278404815650866,1.0277720774334769,1.027914951989026,1.0271121456935506
2019-12-28 23:00:00,1.0271121456935506,1.0272783209133793,1.0267899965741691,1.0267881611400385
2019-12-29 00:00:00,1.0267881611400385,1.026854833184901,1.0270604395604395,1.0268695592569745
2019-12-29 01:00:00,1.0268695592569745,1.0272104180945854,1.0270902090209022,1.0262995261965255
2019-12-29 02:00:00,1.0262995261965255,1.0266675807225611,1.0263139814496736,1.0265990265304723
2019-12-29 03:00:00,1.0265990265304723,1.0264474134977732,1.0268212374811359,1.0263284196091875
2019-12-29 04:00:00,1.0263284196091875,1.0262454601521278,1.0268212374811359,1.027027027027027
2019-12-29 05:00:00,1.027027027027027,1.0278481012658227,1.0279513769658677,1.0278481012658227
2019-12-29 06:00:00,1.0278481012658227,1.0273560388455751,1.0273212818405917,1.0274394416313124
2019-12-29 07:00:00,1.0274394416313124,1.0274281805745553,1.0280060257463708,1.0280060257463708
2019-12-29 08:00:00,1.0280060257463708,1.0239484396200813,1.0280060257463708,1.0266848196051737
2019-12-29 09:00:00,1.0266848196051737,1.0260402502039707,1.0281284302963776,1.0279873782411852
2019-12-29 10:00:00,1.0279873782411852,1.0274946994049654,1.0280578994306098,1.026886502018198
2019-12-29 11:00:00,1.026886502018198,1.0281757402101241,1.0269567597153804,1.0277000750494645
2019-12-29 12:00:00,1.0277000750494645,1.028575316369574,1.0266593752136168,1.0281028851388132
2019-12-29 13:00:00,1.0281028851388132,1.0301123291379077,1.0283765347885403,1.0287764912993431
2019-12-29 14:00:00,1.0287764912993431,1.0274213156828313,1.0289009497964723,1.0282577759707257
2019-12-29 15:00:00,1.0282577759707257,1.0271328293736501,1.0277702335687127,1.0275539909281701
2019-12-29 16:00:00,1.0275539909281701,1.0272163837240635,1.0275614545947045,1.0280632945631594
2019-12-29 17:00:00,1.0280632945631594,1.0282489693856862,1.027668520276685,1.0280651923987285
2019-12-29 18:00:00,1.0280651923987285,1.026677445432498,1.0279975654290932,1.026677445432498
2019-12-29 19:00:00,1.026677445432498,1.0279135149608407,1.0278077753779697,1.0276587195285294
2019-12-29 20:00:00,1.0276587195285294,1.0273107847697522,1.027433628318584,1.0285714285714285
2019-12-29 21:00:00,1.0285714285714285,1.0278416002162454,1.028204431154003,1.0282891174878181
2019-12-29 22:00:00,1.0282891174878181,1.0274969672462595,1.0278943805010157,1.0277401894451963
2019-12-29 23:00:00,1.0277401894451963,1.0278903295515938,1.0285907859078591,1.0283817652238705
2019-12-30 00:00:00,1.0283817652238705,1.0283121105391493,1.0293795370497192,1.0282304807364473
2019-12-30 01:00:00,1.0282304807364473,1.0281709308655416,1.0283141161219895,1.028542234332425
2019-12-30 02:00:00,1.028542234332425,1.0285423037716617,1.028892674616695,1.0291737504250256
2019-12-30 03:00:00,1.0291737504250256,1.029171766625867,1.029107021131561,1.029912782774598
2019-12-30 04:00:00,1.029912782774598,1.0307065217391305,1.0297184922636493,1.029965346198274
2019-12-30 05:00:00,1.029965346198274,1.0299531345513822,1.0299014610941217,1.0300230946882216
2019-12-30 06:00:00,1.0300230946882216,1.0298507462686568,1.0296296296296297,1.0304120562079968
2019-12-30 06:00:00,1.0300230946882216,1.0298507462686568,1.0296296296296297,1.0304120562079968
2019-12-30 07:00:00,1.0304120562079968,1.03130081300813,1.0300828466657612,1.030012901473484
2019-12-30 08:00:00,1.030012901473484,1.030012901473484,1.0319141666097178,1.030154516370567
2019-12-30 09:00:00,1.030154516370567,1.0304637562899497,1.0305682828420981,1.030356898673595
2019-12-30 10:00:00,1.030356898673595,1.029997272975184,1.0287048482351326,1.0299725651577503
2019-12-30 11:00:00,1.0299725651577503,1.0284794961319914,1.028620452985587,1.0282307797725092
2019-12-30 12:00:00,1.0282307797725092,1.0286397812713601,1.0284145504461222,1.0282734010430963
2019-12-30 13:00:00,1.0282734010430963,1.0281988256179162,1.028261019046964,1.028778950253529
2019-12-30 14:00:00,1.028778950253529,1.0279600765654908,1.028006589785832,1.0283361921097771
2019-12-30 15:00:00,1.0283361921097771,1.0284067517496913,1.0290826195081515,1.028727297838547
2019-12-30 16:00:00,1.028727297838547,1.0282185732027045,1.0287460074989585,1.0283364434307831
2019-12-30 17:00:00,1.0283364434307831,1.0281631807827707,1.0287595287595288,1.028660220994475
2019-12-30 18:00:00,1.028660220994475,1.0283761391880697,1.0289313399778517,1.029000553709856
2019-12-30 19:00:00,1.029000553709856,1.02863664660718,1.0292689693438757,1.0296830570774673
2019-12-30 20:00:00,1.0296830570774673,1.0277376281918922,1.0296851158274378,1.0280096585029321
2019-12-30 21:00:00,1.0280096585029321,1.0276859504132232,1.0287372202265819,1.0286384652542957
2019-12-30 22:00:00,1.0286384652542957,1.0293449059723083,1.0286384652542957,1.0288017639357818
2019-12-30 23:00:00,1.0288017639357818,1.0287249431700765,1.0298683298683298,1.03026944656092
2019-12-31 00:00:00,1.03026944656092,1.0293303818483674,1.03074456218628,1.0287829516363385
2019-12-31 01:00:00,1.0287829516363385,1.028666160116046,1.0291450328833507,1.0293060547414985
2019-12-31 02:00:00,1.0293060547414985,1.029718708963992,1.030679530783647,1.0295931804005822
2019-12-31 03:00:00,1.0295931804005822,1.0297132566837512,1.0299305555555556,1.0296095971153179
2019-12-31 04:00:00,1.0296095971153179,1.0290255701451279,1.0297544735746984,1.0298414456830298
2019-12-31 05:00:00,1.0298414456830298,1.0291275538376587,1.0297029702970297,1.0282322081866502
2019-12-31 06:00:00,1.0282322081866502,1.0283702629944087,1.0296234772978958,1.0295522181465846
2019-12-31 07:00:00,1.0295522181465846,1.028695892684276,1.0296522100595815,1.0288561345235623
2019-12-31 08:00:00,1.0288561345235623,1.0287849432604483,1.0287954482375798,1.0285813388831078
2019-12-31 09:00:00,1.0285813388831078,1.0274968832248235,1.029332035865712,1.0278914868521474
2019-12-31 10:00:00,1.0278914868521474,1.0273707492397015,1.028769979152189,1.0278374073817602
2019-12-31 11:00:00,1.0278374073817602,1.0278680589170874,1.028262676641729,1.027966219022567
2019-12-31 12:00:00,1.027966219022567,1.027597178032923,1.0283732223378426,1.0271130170148015
2019-12-31 13:00:00,1.0271130170148015,1.0273612934429628,1.0280451492278928,1.0281836437919811
2019-12-31 14:00:00,1.0281836437919811,1.0276084126875384,1.028730048577377,1.02822860313497
2019-12-31 15:00:00,1.02822860313497,1.030087148983262,1.0290462225946098,1.0283762113923167
2019-12-31 16:00:00,1.0283762113923167,1.028267814974302,1.0286750854671038,1.028865549140989
2019-12-31 17:00:00,1.028865549140989,1.0287939908193073,1.030109489051095,1.0298423817863398
2019-12-31 18:00:00,1.0298423817863398,1.0290494190116197,1.0295151089248067,1.0287034444133296
2019-12-31 19:00:00,1.0287034444133296,1.0289368840427762,1.028735632183908,1.0295928361550302
2019-12-31 20:00:00,1.0295928361550302,1.0279949734710974,1.0294776641926902,1.0290372236216065
2019-12-31 21:00:00,1.0290372236216065,1.029058396200056,1.0291092295850535,1.0292761319172723
2019-12-31 22:00:00,1.0292761319172723,1.0290531596181982,1.029707814902838,1.0290551839464883
2019-12-31 23:00:00,1.0290551839464883,1.0289834877725912,1.0286252879983244,1.0289683093675834
2020-01-01 00:00:00,1.0289683093675834,1.0289683093675834,1.0285195023067244,1.028729204529568
2020-01-01 01:00:00,1.028729204529568,1.027876014146037,1.028729204529568,1.0278144774355051
2020-01-01 02:00:00,1.0278144774355051,1.0277720063716325,1.0280250347705147,1.0278431915777808
2020-01-01 03:00:00,1.0278431915777808,1.0277008310249307,1.0287579883300917,1.0283968617649102
2020-01-01 04:00:00,1.0283968617649102,1.028742016106637,1.0296898901404534,1.0293872446852856
2020-01-01 05:00:00,1.0293872446852856,1.0293116621518372,1.0290398777268306,1.0289643675765785
2020-01-01 06:00:00,1.0289643675765785,1.0292117679711352,1.0290358432898028,1.028742016106637
2020-01-01 07:00:00,1.028742016106637,1.0285753918712721,1.0291248606465997,1.0286768288438783
2020-01-01 08:00:00,1.0286768288438783,1.028746432797383,1.0292802236198462,1.0293359347780642
2020-01-01 09:00:00,1.0293359347780642,1.0292438379055842,1.0285833798103736,1.0285116765423492
2020-01-01 10:00:00,1.0285116765423492,1.0286728373582017,1.0286690848214286,1.0286032430927692
2020-01-01 11:00:00,1.0286032430927692,1.0295259218186859,1.0298799218095505,1.0284419658417567
2020-01-01 12:00:00,1.0284419658417567,1.0271264048841404,1.0283722551411643,1.0275560491427778
2020-01-01 13:00:00,1.0275560491427778,1.026697177726926,1.0267491141527132,1.0263925545214614
2020-01-01 14:00:00,1.0263925545214614,1.02606043803715,1.026498817638058,1.026248177209916
2020-01-01 15:00:00,1.026248177209916,1.0266086115142719,1.0263194444444443,1.0266278344081547
2020-01-01 16:00:00,1.0266278344081547,1.027681660899654,1.02751528627015,1.0276124567474048
2020-01-01 17:00:00,1.0276124567474048,1.02689993776364,1.0271132376395535,1.0272160664819945
2020-01-01 18:00:00,1.0272160664819945,1.0269185523493183,1.027471383975026,1.0270756872792743
2020-01-01 19:00:00,1.0270756872792743,1.0270756872792743,1.0278221050440575,1.0278837483526393
2020-01-01 20:00:00,1.0278837483526393,1.0277008310249307,1.027540756156781,1.0279298634694018
2020-01-01 21:00:00,1.0279298634694018,1.027566144895415,1.0280976828083808,1.0275909878682843
2020-01-01 22:00:00,1.0275909878682843,1.0275909878682843,1.0277603403780429,1.027810692130759
2020-01-01 23:00:00,1.027810692130759,1.028346566374147,1.0285814116002796,1.0279286808747736
2020-01-02 00:00:00,1.0279286808747736,1.028400389809272,1.0284059184812953,1.0275650842266462
2020-01-02 01:00:00,1.0275650842266462,1.0275650842266462,1.0281365635690847,1.0282063813446904
2020-01-02 02:00:00,1.0282063813446904,1.0280647863725216,1.02792198681072,1.0282232649345193
2020-01-02 03:00:00,1.0282232649345193,1.0282932978499895,1.0287648054145515,1.028182907066864
2020-01-02 04:00:00,1.028182907066864,1.0292590513612125,1.0289302850691504,1.0283423588156693
2020-01-02 05:00:00,1.0283423588156693,1.0279572913739814,1.0285191183719455,1.0273596849064566
2020-01-02 06:00:00,1.0273596849064566,1.027539693691162,1.0286298568507157,1.0278090678682061
2020-01-02 07:00:00,1.0278090678682061,1.0275080906148868,1.028922989887561,1.028329212292476
2020-01-02 08:00:00,1.028329212292476,1.02708581853905,1.0281879194630872,1.0272318921953958
2020-01-02 09:00:00,1.0272318921953958,1.0275518788558609,1.0279144986640416,1.0276239220360373
2020-01-02 10:00:00,1.0276239220360373,1.0285314685314686,1.027064927780115,1.0271198318149966
2020-01-02 11:00:00,1.0271198318149966,1.027110332749562,1.0281779214391118,1.0281779214391118
2020-01-02 12:00:00,1.0281779214391118,1.0273982201667717,1.0283204497540408,1.0277056884337519
2020-01-02 13:00:00,1.0277056884337519,1.0275480162624422,1.0272772242244363,1.027511961722488
2020-01-02 14:00:00,1.027511961722488,1.0268395234758234,1.027400154962316,1.027270171492831
2020-01-02 15:00:00,1.027270171492831,1.0265188718956082,1.0272099252784435,1.0268139911323808
2020-01-02 16:00:00,1.0268139911323808,1.0275358246698512,1.0255531763026409,1.027267549480279
2020-01-02 17:00:00,1.027267549480279,1.027194418737097,1.0245456520165086,1.0262210056187868
2020-01-02 18:00:00,1.0262210056187868,1.0254900552882888,1.0257631521974453,1.0254676258992805
2020-01-02 19:00:00,1.0254676258992805,1.0252546993829819,1.0255911188004614,1.0256594551857974
2020-01-02 20:00:00,1.0256594551857974,1.025657611039241,1.0256577045388842,1.0253612716763005
2020-01-02 21:00:00,1.0253612716763005,1.0240591783970123,1.025435363826866,1.0243078029485797
2020-01-02 22:00:00,1.0243078029485797,1.0242324009491623,1.0232658647266442,1.0231588032220944
2020-01-02 23:00:00,1.0231588032220944,1.0231588032220944,1.0233597692862293,1.0236243157591471
2020-01-03 00:00:00,1.0236243157591471,1.0235505941663665,1.0234748587161282,1.0237062734894478
2020-01-03 01:00:00,1.0237062734894478,1.0238301559792027,1.0239586367608506,1.0236518448438978
2020-01-03 02:00:00,1.0236518448438978,1.02384039181792,1.024507658643326,1.0234938022484865
2020-01-03 03:00:00,1.0234938022484865,1.022969470046083,1.0241277179802066,1.023306154845227
2020-01-03 04:00:00,1.023306154845227,1.039437585733882,1.0233799971135806,1.025712300208478
2020-01-03 05:00:00,1.025712300208478,1.025010363410253,1.0243868353015164,1.0251353978614082
2020-01-03 06:00:00,1.0251353978614082,1.027471383975026,1.0261838440111422,1.0270514603616134
2020-01-03 07:00:00,1.0270514603616134,1.0272909884324999,1.0268914588268079,1.0261474269819193
2020-01-03 08:00:00,1.0261474269819193,1.026427786930258,1.0261474269819193,1.0253016201309892
2020-01-03 09:00:00,1.0253016201309892,1.025309565927337,1.0253723110865969,1.0256252981667007
2020-01-03 09:00:00,1.0253016201309892,1.025309565927337,1.0253723110865969,1.0256252981667007
2020-01-03 10:00:00,1.0256252981667007,1.0273005093378609,1.0254120879120878,1.0264905195427476
2020-01-03 11:00:00,1.0264905195427476,1.0243204577968525,1.026719649218964,1.0247595661960303
2020-01-03 12:00:00,1.0247595661960303,1.0239667733369646,1.0252653200958577,1.024123556345247
2020-01-03 13:00:00,1.024123556345247,1.0234512674528942,1.0245503658619983,1.0253371475275848
2020-01-03 14:00:00,1.0253371475275848,1.0259254218835057,1.0252954592577235,1.0257241379310345
2020-01-03 15:00:00,1.0257241379310345,1.025772491112934,1.0255862068965518,1.0260530634573304
2020-01-03 16:00:00,1.0260530634573304,1.0226659471127901,1.0258537923467288,1.0245058218250744
2020-01-03 17:00:00,1.0245058218250744,1.0258661443911663,1.0254416479094195,1.0252295137708263
2020-01-03 18:00:00,1.0252295137708263,1.0249185225420967,1.0249658935879946,1.0253647893086049
2020-01-03 19:00:00,1.0253647893086049,1.0246476475794921,1.0254260582737769,1.024485063429273
2020-01-03 20:00:00,1.024485063429273,1.0252992383025028,1.024727721076786,1.025027352297593
2020-01-03 21:00:00,1.025027352297593,1.0247798484538193,1.0259820813232254,1.0255845942228337
2020-01-03 22:00:00,1.0255845942228337,1.0265444345624957,1.0268275862068965,1.0263933639542058
2020-01-03 23:00:00,1.0263933639542058,1.0268575323790048,1.02599451303155,1.0262440354464895
2020-01-04 00:00:00,1.0262440354464895,1.0268981954375214,1.0271179459014141,1.0269122782989797
2020-01-04 01:00:00,1.0269122782989797,1.0290331416050398,1.0277033065236818,1.0294722412611377
2020-01-04 02:00:00,1.0294722412611377,1.0315149029258956,1.0295569880674804,1.0301497231147878
2020-01-04 03:00:00,1.0301497231147878,1.0294820173343342,1.0298262416199206,1.0285967785967787
2020-01-04 04:00:00,1.0285967785967787,1.0284544524053225,1.0284149263950702,1.0278441274824268
2020-01-04 05:00:00,1.0278441274824268,1.0267553986146951,1.0287627246020359,1.0279596290234587
2020-01-04 06:00:00,1.0279596290234587,1.0288474622397605,1.0282401091405184,1.0282428201987206
2020-01-04 07:00:00,1.0282428201987206,1.02809714946595,1.0275937435967488,1.0271853921101042
2020-01-04 08:00:00,1.0271853921101042,1.0267128874388254,1.027840327533265,1.0278572401580166
2020-01-04 09:00:00,1.0278572401580166,1.0277211577660008,1.0272646718015133,1.027747551686616
2020-01-04 10:00:00,1.027747551686616,1.0277362338545208,1.029351254971883,1.0285460021905806
2020-01-04 11:00:00,1.0285460021905806,1.0277152024028944,1.0283323043150168,1.0275786743122397
2020-01-04 12:00:00,1.0275786743122397,1.0277152024028944,1.0286615469007132,1.0279547790339156
2020-01-04 13:00:00,1.0279547790339156,1.028589015799193,1.0296805221573342,1.028538107978322
2020-01-04 14:00:00,1.028538107978322,1.0280495313675857,1.0276595744680852,1.028403257819451
2020-01-04 15:00:00,1.028403257819451,1.0280891197375615,1.0290729566648382,1.0284678026414835
2020-01-04 16:00:00,1.0284678026414835,1.0285362348593718,1.0281931677870764,1.0275417922718553
2020-01-04 17:00:00,1.0275417922718553,1.0286103542234333,1.0277530322757487,1.027724795640327
2020-01-04 18:00:00,1.027724795640327,1.0271658332207054,1.0287249431700765,1.02729392401591
2020-01-04 19:00:00,1.02729392401591,1.0266276219013892,1.0271365759824127,1.0271802226319744
2020-01-04 20:00:00,1.0271802226319744,1.0267765892212306,1.0276598658085718,1.0273384237796563
2020-01-04 21:00:00,1.0273384237796563,1.0274699122866662,1.0276582667486172,1.0268355809835172
2020-01-04 22:00:00,1.0268355809835172,1.027278911564626,1.027472902038312,1.027041754648866
2020-01-04 23:00:00,1.027041754648866,1.0275510204081633,1.0268886917354807,1.027433628318584
2020-01-05 00:00:00,1.027433628318584,1.0276198212835093,1.02743549594935,1.027415852334419
2020-01-05 01:00:00,1.027415852334419,1.025006686279754,1.027415852334419,1.0253470126735063
2020-01-05 02:00:00,1.0253470126735063,1.0241978609625668,1.0255875025250825,1.0251192155282423
2020-01-05 03:00:00,1.0251192155282423,1.0242776886035314,1.0251863792061253,1.0248276785116777
2020-01-05 04:00:00,1.0248276785116777,1.0251534560982118,1.0245802552048355,1.0249547192594084
2020-01-05 05:00:00,1.0249547192594084,1.025408956824886,1.0253173057551541,1.0254777070063694
2020-01-05 06:00:00,1.0254777070063694,1.025886287625418,1.025322407307899,1.0242643608820967
2020-01-05 07:00:00,1.0242643608820967,1.0257200267916946,1.025174543501611,1.0256015012398634
2020-01-05 08:00:00,1.0256015012398634,1.0252376489489892,1.0253991780637337,1.025658293487777
2020-01-05 09:00:00,1.025658293487777,1.0249529190207156,1.0251839848761055,1.0255909488854469
2020-01-05 10:00:00,1.0255909488854469,1.0261882321260267,1.0265325411828248,1.0262341516050715
2020-01-05 11:00:00,1.0262341516050715,1.0272397094430992,1.0263033654818912,1.0264044186986394
2020-01-05 12:00:00,1.0264044186986394,1.0260793778492894,1.0265427108596066,1.0263581488933602
2020-01-05 13:00:00,1.0263581488933602,1.0263581488933602,1.0275866720625928,1.0275889913195613
2020-01-05 14:00:00,1.0275889913195613,1.0268781077812121,1.0274710476703475,1.0275889913195613
2020-01-05 15:00:00,1.0275889913195613,1.027104805246955,1.0273198304286386,1.0267426273458444
2020-01-05 16:00:00,1.0267426273458444,1.0268896321070233,1.0269290175273655,1.0263687600644122
2020-01-05 17:00:00,1.0263687600644122,1.0262646566164153,1.0267311437974342,1.0266121464003217
2020-01-05 18:00:00,1.0266121464003217,1.0266103626248408,1.0264699939381694,1.0267851133992867
2020-01-05 19:00:00,1.0267851133992867,1.027297787937874,1.0276261707432113,1.0273014592159235
2020-01-05 20:00:00,1.0273014592159235,1.0270997242956088,1.0275569330278937,1.0270615954224167
2020-01-05 21:00:00,1.0270615954224167,1.0269942780208683,1.0286762707257406,1.0286762707257406
2020-01-05 22:00:00,1.0286762707257406,1.0264406779661017,1.0285909712722299,1.0275829190219983
2020-01-05 23:00:00,1.0275829190219983,1.02700312882601,1.0276696044271367,1.0270049656485953
2020-01-06 00:00:00,1.0270049656485953,1.0271975040694519,1.027651024994892,1.0274102720673044
2020-01-06 01:00:00,1.0274102720673044,1.028336256915396,1.0281211791876104,1.028205128205128
2020-01-06 02:00:00,1.028205128205128,1.0229672650475186,1.0282745124502328,1.0253097462399787
2020-01-06 03:00:00,1.0253097462399787,1.025065963060686,1.0298057602143336,1.0250696378830084
2020-01-06 04:00:00,1.0250696378830084,1.0255679936411208,1.0260007979784547,1.0260430507573743
2020-01-06 05:00:00,1.0260430507573743,1.0258128732581286,1.027885256837892,1.0273234942161946
2020-01-06 06:00:00,1.0273234942161946,1.0271060324209407,1.0274465392045833,1.027698248884746
2020-01-06 07:00:00,1.027698248884746,1.0266640069153534,1.0256495669553631,1.0267803610685498
2020-01-06 08:00:00,1.0267803610685498,1.0270986550056318,1.0271909363545484,1.027179317202519
2020-01-06 09:00:00,1.027179317202519,1.026907018357744,1.0271619732374675,1.0259843563568871
2020-01-06 10:00:00,1.0259843563568871,1.0262931888749423,1.0268870742879905,1.0267407995763833
2020-01-06 11:00:00,1.0267407995763833,1.025624091929732,1.0265939764643308,1.0262231959105093
2020-01-06 12:00:00,1.0262231959105093,1.0261416280608868,1.0258912567217686,1.0267549668874172
2020-01-06 13:00:00,1.0267549668874172,1.0231183501904637,1.0264352469959948,1.026123371443765
2020-01-06 14:00:00,1.026123371443765,1.0279692470837751,1.0265297960271964,1.0283344392833444
2020-01-06 15:00:00,1.0283344392833444,1.0285183711367556,1.0278757235047569,1.0281418401969264
2020-01-06 16:00:00,1.0281418401969264,1.0287951167728238,1.028244071409539,1.0279143958527184
2020-01-06 17:00:00,1.0279143958527184,1.027615894039735,1.0279882994282674,1.027615894039735
2020-01-06 18:00:00,1.027615894039735,1.027615894039735,1.0287272243649421,1.0284460986308654
2020-01-06 19:00:00,1.0284460986308654,1.0278955738139413,1.0288717402873868,1.0279344436334683
2020-01-06 20:00:00,1.0279344436334683,1.0278145695364238,1.0290326866861548,1.0284975810192856
2020-01-06 21:00:00,1.0284975810192856,1.0285996055226825,1.0284975810192856,1.0277300937541265
2020-01-06 22:00:00,1.0277300937541265,1.0281853281853282,1.0278639815120503,1.0278641783307414
2020-01-06 23:00:00,1.0278641783307414,1.029747403513271,1.0280804150453955,1.0279765358086765
2020-01-07 00:00:00,1.0279765358086765,1.0269528325430497,1.0279765358086765,1.0277566539923955
2020-01-07 01:00:00,1.0277566539923955,1.0290459051588052,1.0284534772943792,1.0292778550651323
2020-01-07 02:00:00,1.0292778550651323,1.0290485192186516,1.0282278481012659,1.0282278481012659
2020-01-07 03:00:00,1.0282278481012659,1.0291145635973222,1.0295273095932074,1.029627753861737
2020-01-07 04:00:00,1.029627753861737,1.0294731516033142,1.0318210862619808,1.0312918233382193
2020-01-07 05:00:00,1.0312918233382193,1.030195381882771,1.0300905265842153,1.0301453322332932
2020-01-07 06:00:00,1.0301453322332932,1.0300799593857088,1.0292397660818713,1.0300374674541182
2020-01-07 07:00:00,1.0300374674541182,1.0303548795944233,1.030995417515275,1.0298857868020304
2020-01-07 08:00:00,1.0298857868020304,1.0299480815499558,1.0305033045246568,1.0301510727434302
2020-01-07 09:00:00,1.0301510727434302,1.0301491589971437,1.030229746070133,1.030229746070133
2020-01-07 10:00:00,1.030229746070133,1.0294901065449011,1.030229746070133,1.0294901065449011
2020-01-07 11:00:00,1.0294901065449011,1.0286306272367678,1.0295554005200735,1.0295216978143806
2020-01-07 12:00:00,1.0295216978143806,1.0292053859283141,1.0290742157612853,1.0291650781547845
2020-01-07 12:00:00,1.0295216978143806,1.0292053859283141,1.0290742157612853,1.0291650781547845
2020-01-07 13:00:00,1.0291650781547845,1.0291650781547845,1.0306057113586886,1.0296121760173216
2020-01-07 14:00:00,1.0296121760173216,1.0286711068823342,1.0286989795918366,1.0287971457696228
2020-01-07 15:00:00,1.0287971457696228,1.0291138434095688,1.0303655470311393,1.0304395392238883
2020-01-07 16:00:00,1.0304395392238883,1.0282098104653359,1.0301014146372973,1.028746525145312
2020-01-07 17:00:00,1.028746525145312,1.0292952788080718,1.0294453610864323,1.028335747119199
2020-01-07 18:00:00,1.028335747119199,1.0268856896763874,1.0290330724564505,1.0264629146477824
2020-01-07 19:00:00,1.0264629146477824,1.0283425754775108,1.02691447041273,1.0275507677067854
2020-01-07 20:00:00,1.0275507677067854,1.0275857850633066,1.0281576330183988,1.0277403551745254
2020-01-07 21:00:00,1.0277403551745254,1.0275403028822667,1.0282341183084516,1.0270455536860472
2020-01-07 22:00:00,1.0270455536860472,1.0276503409795412,1.0269607843137254,1.0277173575290535
2020-01-07 23:00:00,1.0277173575290535,1.0266601740824153,1.0276132892850465,1.0268530439580652
2020-01-08 00:00:00,1.0268530439580652,1.0258197932053177,1.0265611581401055,1.024585308056872
2020-01-08 01:00:00,1.024585308056872,1.0248832673325847,1.0257948410317936,1.0255507133902453
2020-01-08 02:00:00,1.0255507133902453,1.0246781752387732,1.0293671500515746,1.0255188223938223
2020-01-08 03:00:00,1.0255188223938223,1.0263410536421458,1.0266044482152596,1.026791089704997
2020-01-08 04:00:00,1.026791089704997,1.025967809489619,1.0261158021712906,1.0253922625464127
2020-01-08 05:00:00,1.0253922625464127,1.0247075674385295,1.0255762171270386,1.0256717850287909
2020-01-08 06:00:00,1.0256717850287909,1.0252899677149347,1.0254267852849244,1.0256056608299353
2020-01-08 07:00:00,1.0256056608299353,1.0250449370880768,1.025291241624917,1.0249322493224933
2020-01-08 08:00:00,1.0249322493224933,1.0256333293312523,1.0262299045086425,1.0255562236921227
2020-01-08 09:00:00,1.0255562236921227,1.0259092275323114,1.0251147065926105,1.0261508797300554
2020-01-08 10:00:00,1.0261508797300554,1.023712818062358,1.0258142340168879,1.0250749850029994
2020-01-08 11:00:00,1.0250749850029994,1.023768289041505,1.0240551889622076,1.0238694974211346
2020-01-08 12:00:00,1.0238694974211346,1.0243829379343399,1.024897268552091,1.0257741292931732
2020-01-08 13:00:00,1.0257741292931732,1.0272646272646273,1.02547886895713,1.0248032435010732
2020-01-08 14:00:00,1.0248032435010732,1.0242070116861435,1.024202889715296,1.0247894103489772
2020-01-08 15:00:00,1.0247894103489772,1.0241511238641798,1.0250395040719582,1.0247456198446625
2020-01-08 16:00:00,1.0247456198446625,1.024609843937575,1.0269397889509622,1.025307881773399
2020-01-08 17:00:00,1.025307881773399,1.026231527093596,1.028778325738186,1.0274371361327883
2020-01-08 18:00:00,1.0274371361327883,1.02763353115727,1.0281234444997511,1.0280815109343937
2020-01-08 19:00:00,1.0280815109343937,1.027724368913974,1.030959557900025,1.030894819466248
2020-01-08 20:00:00,1.030894819466248,1.029572564612326,1.0299492385786801,1.0294026232361535
2020-01-08 21:00:00,1.0294026232361535,1.0290296512712127,1.0300213541012435,1.0286642103291077
2020-01-08 22:00:00,1.0286642103291077,1.0288652130822598,1.0286877544628876,1.0282650467984875
2020-01-08 23:00:00,1.0282650467984875,1.029727396077464,1.0293640897755612,1.0288342033308475
2020-01-09 00:00:00,1.0288342033308475,1.029269202087994,1.0296286957069911,1.0301201031251965
2020-01-09 01:00:00,1.0301201031251965,1.0288419610041737,1.029317395407361,1.0288323222215272
2020-01-09 02:00:00,1.0288323222215272,1.0286890357989273,1.0272556390977443,1.029384123801767
2020-01-09 03:00:00,1.029384123801767,1.0291134485349362,1.030054816961754,1.029554172168773
2020-01-09 04:00:00,1.029554172168773,1.029210806744813,1.0299684542586751,1.0288618396285607
2020-01-09 05:00:00,1.0288618396285607,1.0288618396285607,1.029430299974792,1.0296618174948045
2020-01-09 06:00:00,1.0296618174948045,1.0291805546820956,1.029214619957,1.0293746051800379
2020-01-09 07:00:00,1.0293746051800379,1.029304718875502,1.0293225480283115,1.029317395407361
2020-01-09 08:00:00,1.029317395407361,1.0297982020494123,1.0290998611286453,1.0291671916341187
2020-01-09 09:00:00,1.0291671916341187,1.0292950292950294,1.0309757028367892,1.029902863310266
2020-01-09 10:00:00,1.029902863310266,1.0299306868304978,1.0300852308866557,1.0308023830650273
2020-01-09 11:00:00,1.0308023830650273,1.0305812333797644,1.0291534054742202,1.0298412698412698
2020-01-09 12:00:00,1.0298412698412698,1.0301517067003794,1.0292267615477477,1.03007852077001
2020-01-09 13:00:00,1.03007852077001,1.0274687283927337,1.0284591493946884,1.028962545154953
2020-01-09 14:00:00,1.028962545154953,1.0286346396965866,1.0292323335027962,1.0289845880636772
2020-01-09 15:00:00,1.0289845880636772,1.0287878787878788,1.0287308936386124,1.0287920015186989
2020-01-09 16:00:00,1.0287920015186989,1.028659806830377,1.028931703258017,1.0301208671740103
2020-01-09 17:00:00,1.0301208671740103,1.0274504808610916,1.0290339157245632,1.0281003400269455
2020-01-09 18:00:00,1.0281003400269455,1.0278948040342142,1.0280577849117174,1.0286554944352053
2020-01-09 19:00:00,1.0286554944352053,1.0295783511642542,1.0280194472876152,1.0276602462898643
2020-01-09 20:00:00,1.0276602462898643,1.028633948108784,1.035912314635719,1.0286573274483464
2020-01-09 21:00:00,1.0286573274483464,1.0293386057784297,1.0309411536722435,1.029341894060995
2020-01-09 22:00:00,1.029341894060995,1.0307349665924277,1.0294079876717606,1.029600205023065
2020-01-09 23:00:00,1.029600205023065,1.029966136349115,1.0305073859987155,1.0307918827219769
2020-01-10 00:00:00,1.0307918827219769,1.0305445733962504,1.0311259126425003,1.0303883308809416
2020-01-10 01:00:00,1.0303883308809416,1.0304114490161003,1.030696121243257,1.0303380155217754
2020-01-10 02:00:00,1.0303380155217754,1.0302002687312048,1.0297894196199282,1.0309833857207005
2020-01-10 03:00:00,1.0309833857207005,1.0304175204918034,1.0299381921194952,1.0297847809377403
2020-01-10 04:00:00,1.0297847809377403,1.0298488342300793,1.0298930550186831,1.0308245568969947
2020-01-10 05:00:00,1.0308245568969947,1.0308245568969947,1.0320492068630625,1.0298960418415446
2020-01-10 06:00:00,1.0298960418415446,1.0296672887573204,1.0302126556016598,1.0302423263327949
2020-01-10 07:00:00,1.0302423263327949,1.0308020147229755,1.030841000388752,1.0310703442930043
2020-01-10 08:00:00,1.0310703442930043,1.0311995349137653,1.0305710940548978,1.030448613906382
2020-01-10 09:00:00,1.030448613906382,1.030933161123668,1.0305432804782948,1.0297318305479986
2020-01-10 10:00:00,1.0297318305479986,1.0305466237942122,1.0296797708929966,1.0296806592840586
2020-01-10 11:00:00,1.0296806592840586,1.030415099151948,1.029881504379186,1.0295056839954018
2020-01-10 12:00:00,1.0295056839954018,1.030114753059025,1.0292026897214217,1.0290388029419224
2020-01-10 13:00:00,1.0290388029419224,1.0289352581478912,1.0286095746709898,1.0288620470438652
2020-01-10 14:00:00,1.0288620470438652,1.0282025570318376,1.0285459411239963,1.026840586981061
2020-01-10 15:00:00,1.026840586981061,1.0273998020781792,1.0273774309270565,1.0284562926224428
2020-01-10 16:00:00,1.0284562926224428,1.0277027027027028,1.028337531486146,1.0284708692099804
2020-01-10 17:00:00,1.0284708692099804,1.0292918522235464,1.0287428932406824,1.0284961084609592
2020-01-10 18:00:00,1.0284961084609592,1.0299593145111576,1.0291883748666122,1.027668723125818
2020-01-10 19:00:00,1.027668723125818,1.0289230769230768,1.0278265229380796,1.0296250387356678
2020-01-10 20:00:00,1.0296250387356678,1.0279970399605327,1.030775926386471,1.0289890981169474
2020-01-10 21:00:00,1.0289890981169474,1.0288875230485557,1.0322016974538193,1.0288730208009935
2020-01-10 22:00:00,1.0288730208009935,1.0280725567620927,1.0284677469811674,1.029050003090426
2020-01-10 23:00:00,1.029050003090426,1.0279741589468552,1.0297416196790383,1.02736470014627
2020-01-11 00:00:00,1.02736470014627,1.0282059092293634,1.0276565668981623,1.0266650357776284
2020-01-11 01:00:00,1.0266650357776284,1.027182467611091,1.0278882025564187,1.0279520126667072
2020-01-11 02:00:00,1.0279520126667072,1.0280601375616287,1.0281655645358805,1.0285035629453683
2020-01-11 03:00:00,1.0285035629453683,1.0284409257003655,1.0287924366136656,1.0285819205581737
2020-01-11 04:00:00,1.0285819205581737,1.0289642529789185,1.0291885220610923,1.0301705560002463
2020-01-11 05:00:00,1.0301705560002463,1.0301089834369805,1.0290268560441604,1.0289810294753754
2020-01-11 06:00:00,1.0289810294753754,1.0291041102633522,1.0296452493177872,1.0283216352665927
2020-01-11 07:00:00,1.0283216352665927,1.0294081532416504,1.0303781773093614,1.02984520123839
2020-01-11 08:00:00,1.02984520123839,1.029506172839506,1.0311683463979098,1.0302598127364049
2020-01-11 09:00:00,1.0302598127364049,1.0300307692307693,1.0301996775393774,1.030622304374615
2020-01-11 10:00:00,1.030622304374615,1.0305588072207503,1.0305760984401218,1.0302879841112214
2020-01-11 11:00:00,1.0302879841112214,1.0294919454770757,1.0296300916973364,1.0296641791044776
2020-01-11 12:00:00,1.0296641791044776,1.0297035842738436,1.0299326515340483,1.0299683563938697
2020-01-11 13:00:00,1.0299683563938697,1.0298839219560385,1.0304404547431198,1.0299227202472951
2020-01-11 14:00:00,1.0299227202472951,1.029593094944513,1.030054644808743,1.0301148711580255
2020-01-11 15:00:00,1.0301148711580255,1.0295752037540133,1.0301242236024846,1.0299567634342186
2020-01-11 15:00:00,1.0301148711580255,1.0295752037540133,1.0301242236024846,1.0299567634342186
2020-01-11 16:00:00,1.0299567634342186,1.0294045726861474,1.030261689197569,1.0298132843587389
2020-01-11 17:00:00,1.0298132843587389,1.0299598100109608,1.0295723664028469,1.029718137254902
2020-01-11 18:00:00,1.029718137254902,1.0301789968843547,1.030276975987226,1.0294604030134133
2020-01-11 19:00:00,1.0294604030134133,1.030050798702491,1.031219272369715,1.030169242089772
2020-01-11 20:00:00,1.030169242089772,1.0311659740894648,1.030883526739117,1.0306353777342074
2020-01-11 21:00:00,1.0306353777342074,1.0292947558770345,1.0298442638208103,1.0300450367080016
2020-01-11 22:00:00,1.0300450367080016,1.0300450367080016,1.0305919003115265,1.0295465807730426
2020-01-11 23:00:00,1.0295465807730426,1.0296686280582223,1.030600137388372,1.0304106686608088
2020-01-12 00:00:00,1.0304106686608088,1.0307968769364233,1.032683846637335,1.030780687600844
2020-01-12 01:00:00,1.030780687600844,1.0300593765462642,1.0308572850566131,1.0299007444168735
2020-01-12 02:00:00,1.0299007444168735,1.0297163995067817,1.0301055245189323,1.030655129789864
2020-01-12 03:00:00,1.030655129789864,1.0310302282541641,1.0300192271909694,1.0311842593738398
2020-01-12 04:00:00,1.0311842593738398,1.031292433032959,1.0297906602254427,1.0302242041372476
2020-01-12 05:00:00,1.0302242041372476,1.0296748719846998,1.0299145299145298,1.0295533070088845
2020-01-12 06:00:00,1.0295533070088845,1.0308816306483302,1.0314434265907402,1.0309967209057724
2020-01-12 07:00:00,1.0309967209057724,1.030721776681061,1.0311358712472918,1.0309488510007412
2020-01-12 08:00:00,1.0309488510007412,1.0302062868369353,1.0311031412317586,1.0305990783410137
2020-01-12 09:00:00,1.0305990783410137,1.0302120357886997,1.030028921297151,1.030181952298992
2020-01-12 10:00:00,1.030181952298992,1.0301075268817204,1.0295569542144885,1.0301631271160356
2020-01-12 11:00:00,1.0301631271160356,1.0301538461538462,1.0300468904244817,1.030476895551854
2020-01-12 12:00:00,1.030476895551854,1.030730540391339,1.0306021717670286,1.0308118081180813
2020-01-12 13:00:00,1.0308118081180813,1.0308521057786484,1.0310383052100012,1.031236601947694
2020-01-12 14:00:00,1.031236601947694,1.0312996698862942,1.031988188976378,1.0321430766394197
2020-01-12 15:00:00,1.0321430766394197,1.0322224944866454,1.0322065150583897,1.0318424443217376
2020-01-12 16:00:00,1.0318424443217376,1.0318868963828876,1.031753876567616,1.032335698858377
2020-01-12 17:00:00,1.032335698858377,1.033674963396779,1.033810143042913,1.0329174901185771
2020-01-12 18:00:00,1.0329174901185771,1.0332964057114722,1.0327149041434756,1.033257375130874
2020-01-12 19:00:00,1.033257375130874,1.0328120208524991,1.032518322350188,1.031944358958577
2020-01-12 20:00:00,1.031944358958577,1.032285784434078,1.0309614674381387,1.030489304155397
2020-01-12 21:00:00,1.030489304155397,1.030837275016893,1.0318294190358468,1.0303011602073562
2020-01-12 22:00:00,1.0303011602073562,1.0313151121460964,1.0305555555555554,1.0310928492579419
2020-01-12 23:00:00,1.0310928492579419,1.0316277933813653,1.0312211910761477,1.0316965921582997
2020-01-13 00:00:00,1.0316965921582997,1.0321341463414635,1.032048133595285,1.0319631901840491
2020-01-13 01:00:00,1.0319631901840491,1.0318627450980393,1.0323650432966898,1.032194762985221
2020-01-13 02:00:00,1.032194762985221,1.0320622854340362,1.0325483910738504,1.0324847438821427
2020-01-13 03:00:00,1.0324847438821427,1.0328837982634398,1.0328446836147709,1.033144056289347
2020-01-13 04:00:00,1.033144056289347,1.0329101442129915,1.0324675324675325,1.032675709001233
2020-01-13 05:00:00,1.032675709001233,1.0326736945934283,1.0319306930693068,1.032449471537178
2020-01-13 06:00:00,1.032449471537178,1.0319857019598175,1.032352210630899,1.0327665384138016
2020-01-13 07:00:00,1.0327665384138016,1.0336758697536215,1.0323582386187193,1.0321601189738505
2020-01-13 08:00:00,1.0321601189738505,1.0325718859676127,1.0331203870247472,1.0325718859676127
2020-01-13 09:00:00,1.0325718859676127,1.0326334585308787,1.0324197240611273,1.0320888614625117
2020-01-13 10:00:00,1.0320888614625117,1.0318349753694582,1.0317578004324992,1.0322401676735298
2020-01-13 11:00:00,1.0322401676735298,1.031884771636095,1.0328947368421053,1.0322180916976456
2020-01-13 12:00:00,1.0322180916976456,1.0319129197847734,1.034605091180681,1.0322959846563138
2020-01-13 13:00:00,1.0322959846563138,1.0307834669956817,1.0323339940535183,1.0318865704909912
2020-01-13 14:00:00,1.0318865704909912,1.0315262409593868,1.0313701177929324,1.0317951255721884
2020-01-13 15:00:00,1.0317951255721884,1.0310144569380946,1.0313565098841173,1.0317627391492787
2020-01-13 16:00:00,1.0317627391492787,1.0321724095343954,1.0315521943962311,1.0324911977268516
2020-01-13 17:00:00,1.0324911977268516,1.0322719714232924,1.0317214939401436,1.0315281899109792
2020-01-13 18:00:00,1.0315281899109792,1.0318097591105622,1.031733267351231,1.0318097591105622
2020-01-13 19:00:00,1.0318097591105622,1.0314887848163667,1.0318117240101303,1.0314620604565083
2020-01-13 20:00:00,1.0314620604565083,1.0306447658739888,1.031525695601209,1.030841866454105
2020-01-13 21:00:00,1.030841866454105,1.031023911710607,1.0312211343062996,1.0315362390114957
2020-01-13 22:00:00,1.0315362390114957,1.0312173538990967,1.031059345535219,1.0309189455530918
2020-01-13 23:00:00,1.0309189455530918,1.03183186873963,1.0310474662057898,1.0306002837929544
2020-01-14 00:00:00,1.0306002837929544,1.0322890986711564,1.0313425468904245,1.0311631839594153
2020-01-14 01:00:00,1.0311631839594153,1.036642120765832,1.0312235777267786,1.0335149218379915
2020-01-14 02:00:00,1.0335149218379915,1.0337517764092847,1.0344498748360949,1.033301730267836
2020-01-14 03:00:00,1.033301730267836,1.03483026874116,1.0348608545378701,1.0347533632286996
2020-01-14 04:00:00,1.0347533632286996,1.0347557780753334,1.0347533632286996,1.03358537014243
2020-01-14 05:00:00,1.03358537014243,1.0335205335205335,1.0357459379615952,1.03440150801131
2020-01-14 06:00:00,1.03440150801131,1.0339082482693887,1.0343423614799079,1.034280347499413
2020-01-14 07:00:00,1.034280347499413,1.0341800304342736,1.0349267948491798,1.0351310069322053
2020-01-14 08:00:00,1.0351310069322053,1.0351493848857645,1.0356261022927689,1.035177354944797
2020-01-14 09:00:00,1.035177354944797,1.035576586049772,1.0349988215884987,1.035348782496177
2020-01-14 10:00:00,1.035348782496177,1.0361375102663382,1.0358786734332586,1.0362612216159126
2020-01-14 11:00:00,1.0362612216159126,1.0358649789029535,1.037045748559332,1.0359404315196998
2020-01-14 12:00:00,1.0359404315196998,1.0370949979713673,1.0380980507974011,1.0380812242495585
2020-01-14 13:00:00,1.0380812242495585,1.0386653467652711,1.0381400824014126,1.0386071158213475
2020-01-14 14:00:00,1.0386071158213475,1.038984794786784,1.0382819794584501,1.0376674909425498
2020-01-14 15:00:00,1.0376674909425498,1.039509692132269,1.0368999421631,1.0389924085576259
2020-01-14 16:00:00,1.0389924085576259,1.0395977011494253,1.0374582331906912,1.0389797328420083
2020-01-14 17:00:00,1.0389797328420083,1.0385617214043035,1.0389797328420083,1.0400568990042673
2020-01-14 18:00:00,1.0400568990042673,1.0433115271824949,1.0452449567723343,1.0432801822323463
2020-01-14 19:00:00,1.0432801822323463,1.0422094544627112,1.0416427340608845,1.0413110276544897
2020-01-14 20:00:00,1.0413110276544897,1.0413110276544897,1.0413070992981246,1.0410801493823614
2020-01-14 21:00:00,1.0410801493823614,1.040711597673623,1.0405825466267558,1.0409085707746881
2020-01-14 22:00:00,1.0409085707746881,1.0405413089213624,1.041318530388005,1.0409119478886921
2020-01-14 23:00:00,1.0409119478886921,1.0426966292134832,1.0420172877669014,1.043800577216909
2020-01-15 00:00:00,1.043800577216909,1.0445802725284585,1.045511937557392,1.0451598225457854
2020-01-15 01:00:00,1.0451598225457854,1.0454184171681618,1.0446126498079018,1.0436243521840651
2020-01-15 02:00:00,1.0436243521840651,1.0445073612684033,1.0438821450960278,1.0444898422426512
2020-01-15 03:00:00,1.0444898422426512,1.0438974591651542,1.0438867881287957,1.0438867881287957
2020-01-15 04:00:00,1.0438867881287957,1.0439736616089321,1.041778347511945,1.0423911147293132
2020-01-15 05:00:00,1.0423911147293132,1.041697949754548,1.0419678246677546,1.0414077472559382
2020-01-15 06:00:00,1.0414077472559382,1.0420773531615655,1.0413155906792957,1.0416810991802332
2020-01-15 07:00:00,1.0416810991802332,1.0414839603046389,1.041806991057949,1.0415022057116323
2020-01-15 08:00:00,1.0415022057116323,1.041423536888324,1.042350203606748,1.0419661488523069
2020-01-15 09:00:00,1.0419661488523069,1.0414859621091075,1.0419661488523069,1.0415808739418897
2020-01-15 10:00:00,1.0415808739418897,1.0433843179621312,1.0419917393299678,1.0428400750981397
2020-01-15 11:00:00,1.0428400750981397,1.0427539939735062,1.0443819257047713,1.0430520522815867
2020-01-15 12:00:00,1.0430520522815867,1.0442875846758126,1.0440695472542607,1.0443543783536933
2020-01-15 13:00:00,1.0443543783536933,1.045354914854156,1.0443543783536933,1.0452165099386226
2020-01-15 14:00:00,1.0452165099386226,1.0455005624296962,1.048643377502438,1.0434782608695652
2020-01-15 15:00:00,1.0434782608695652,1.0431614033105474,1.0419051980764826,1.0419880034275921
2020-01-15 16:00:00,1.0419880034275921,1.0407607152994607,1.040744582757031,1.0411700975081257
2020-01-15 17:00:00,1.0411700975081257,1.0414888168004097,1.039557415582182,1.0406943653955607
2020-01-15 18:00:00,1.0406943653955607,1.0406351374423766,1.0392100579826626,1.040276903713027
2020-01-15 18:00:00,1.0406943653955607,1.0406351374423766,1.0392100579826626,1.040276903713027
2020-01-15 19:00:00,1.040276903713027,1.0408710026791312,1.0409915841300739,1.0407126134871238
2020-01-15 20:00:00,1.0407126134871238,1.03939771312125,1.0405041535376682,1.040120304165248
2020-01-15 21:00:00,1.040120304165248,1.0393696339810212,1.0406897336671979,1.0403399433427762
2020-01-15 22:00:00,1.0403399433427762,1.0413139180494413,1.0401453636931464,1.0414595571622232
2020-01-15 23:00:00,1.0414595571622232,1.0407933288257831,1.0413180809288032,1.0407191062212897
2020-01-16 00:00:00,1.0407191062212897,1.0409984187937655,1.0404846675089008,1.0394285714285714
2020-01-16 01:00:00,1.0394285714285714,1.0389313848612856,1.0371531406014165,1.0351901074771754
2020-01-16 02:00:00,1.0351901074771754,1.0342268752876207,1.0346589259796808,1.0332871012482663
2020-01-16 03:00:00,1.0332871012482663,1.03357411152846,1.033952594490711,1.0330592867068087
2020-01-16 04:00:00,1.0330592867068087,1.0319510929119327,1.032664191227663,1.0325193843305174
2020-01-16 05:00:00,1.0325193843305174,1.0320192804269237,1.0325791331520167,1.031961370429984
2020-01-16 06:00:00,1.031961370429984,1.032265472499713,1.0319381990084169,1.0323358796163344
2020-01-16 07:00:00,1.0323358796163344,1.0323340225132094,1.0301524953789278,1.0303344867358708
2020-01-16 08:00:00,1.0303344867358708,1.031264367816092,1.0304377960032345,1.031798245614035
2020-01-16 09:00:00,1.031798245614035,1.0316014070699497,1.031271797256452,1.031311608488925
2020-01-16 09:00:00,1.031798245614035,1.031798245614035,1.031798245614035,1.031798245614035
2020-01-16 09:00:00,1.031798245614035,1.031798245614035,1.031798245614035,1.031798245614035
2020-01-16 09:00:00,1.031798245614035,1.031798245614035,1.031798245614035,1.031798245614035
2020-01-16 09:00:00,1.031798245614035,1.031798245614035,1.031798245614035,1.031798245614035
2020-01-16 09:00:00,1.031798245614035,1.031798245614035,1.031798245614035,1.031798245614035
2020-01-16 09:00:00,1.031798245614035,1.031798245614035,1.031798245614035,1.031798245614035
2020-01-16 09:00:00,1.031798245614035,1.031798245614035,1.031798245614035,1.031798245614035
2020-01-16 09:00:00,1.031798245614035,1.031798245614035,1.031798245614035,1.031798245614035
2020-01-16 09:00:00,1.031798245614035,1.031798245614035,1.031798245614035,1.031798245614035
2020-01-16 09:00:00,1.031798245614035,1.031798245614035,1.031798245614035,1.031798245614035
2020-01-16 09:00:00,1.031798245614035,1.031798245614035,1.031798245614035,1.031798245614035
2020-01-16 09:00:00,1.031798245614035,1.031798245614035,1.031798245614035,1.031798245614035
2020-01-16 09:00:00,1.031798245614035,1.031798245614035,1.031798245614035,1.031798245614035
2020-01-16 09:00:00,1.031798245614035,1.031798245614035,1.031798245614035,1.031798245614035
2020-01-16 09:00:00,1.031798245614035,1.031798245614035,1.031798245614035,1.031798245614035
2020-01-16 09:00:00,1.031798245614035,1.031798245614035,1.031798245614035,1.031798245614035
2020-01-16 09:00:00,1.031798245614035,1.031798245614035,1.031798245614035,1.031798245614035
2020-01-16 09:00:00,1.031798245614035,1.031798245614035,1.031798245614035,1.031798245614035
2020-01-16 09:00:00,1.031798245614035,1.031798245614035,1.031798245614035,1.031798245614035
2020-01-16 09:00:00,1.031798245614035,1.031798245614035,1.031798245614035,1.031798245614035
2020-01-16 09:00:00,1.031798245614035,1.031798245614035,1.031798245614035,1.031798245614035
2020-01-16 09:00:00,1.031798245614035,1.031798245614035,1.031798245614035,1.031798245614035
2020-01-16 09:00:00,1.031798245614035,1.031798245614035,1.031798245614035,1.031798245614035
2020-01-16 09:00:00,1.031798245614035,1.031798245614035,1.031798245614035,1.031798245614035
2020-01-16 09:00:00,1.031798245614035,1.031798245614035,1.031798245614035,1.031798245614035
2020-01-16 09:00:00,1.031798245614035,1.031798245614035,1.031798245614035,1.031798245614035
2020-01-16 09:00:00,1.031798245614035,1.031798245614035,1.031798245614035,1.031798245614035
2020-01-16 09:00:00,1.031798245614035,1.031798245614035,1.031798245614035,1.031798245614035
2020-01-16 09:00:00,1.031798245614035,1.031798245614035,1.031798245614035,1.031798245614035
2020-01-16 09:00:00,1.031798245614035,1.031798245614035,1.031798245614035,1.031798245614035
2020-01-16 09:00:00,1.031798245614035,1.031798245614035,1.031798245614035,1.031798245614035
2020-01-16 09:00:00,1.031798245614035,1.031798245614035,1.031798245614035,1.031798245614035
2020-01-16 09:00:00,1.031798245614035,1.031798245614035,1.031798245614035,1.031798245614035
2020-01-16 09:00:00,1.031798245614035,1.031798245614035,1.031798245614035,1.031798245614035
2020-01-16 09:00:00,1.031798245614035,1.031798245614035,1.031798245614035,1.031798245614035
2020-01-16 09:00:00,1.031798245614035,1.031798245614035,1.031798245614035,1.031798245614035
2020-01-16 09:00:00,1.031798245614035,1.031798245614035,1.031798245614035,1.031798245614035
2020-01-16 09:00:00,1.031798245614035,1.031798245614035,1.031798245614035,1.031798245614035
2020-01-16 09:00:00,1.031798245614035,1.031798245614035,1.031798245614035,1.031798245614035
2020-01-16 09:00:00,1.031798245614035,1.031798245614035,1.031798245614035,1.031798245614035
2020-01-16 09:00:00,1.031798245614035,1.031798245614035,1.031798245614035,1.031798245614035
2020-01-16 09:00:00,1.031798245614035,1.031798245614035,1.031798245614035,1.031798245614035
2020-01-16 09:00:00,1.031798245614035,1.031798245614035,1.031798245614035,1.031798245614035
2020-01-16 09:00:00,1.031798245614035,1.031798245614035,1.031798245614035,1.031798245614035
2020-01-16 09:00:00,1.031798245614035,1.031798245614035,1.031798245614035,1.031798245614035
2020-01-16 09:00:00,1.031798245614035,1.031798245614035,1.031798245614035,1.031798245614035
2020-01-16 09:00:00,1.031798245614035,1.031798245614035,1.031798245614035,1.031798245614035
2020-01-16 09:00:00,1.031798245614035,1.031798245614035,1.031798245614035,1.031798245614035
2020-01-16 09:00:00,1.031798245614035,1.031798245614035,1.031798245614035,1.031798245614035
2020-01-16 09:00:00,1.031798245614035,1.031798245614035,1.031798245614035,1.031798245614035
2020-01-16 09:00:00,1.031798245614035,1.031798245614035,1.031798245614035,1.031798245614035
2020-01-16 09:00:00,1.031798245614035,1.031798245614035,1.031798245614035,1.031798245614035
2020-01-16 09:00:00,1.031798245614035,1.031798245614035,1.031798245614035,1.031798245614035
2020-01-16 09:00:00,1.031798245614035,1.031798245614035,1.031798245614035,1.031798245614035
2020-01-16 09:00:00,1.031798245614035,1.031798245614035,1.031798245614035,1.031798245614035
2020-01-16 09:00:00,1.031798245614035,1.031798245614035,1.031798245614035,1.031798245614035
2020-01-16 09:00:00,1.031798245614035,1.031798245614035,1.031798245614035,1.031798245614035
2020-01-16 09:00:00,1.031798245614035,1.031798245614035,1.031798245614035,1.031798245614035
2020-01-16 09:00:00,1.031798245614035,1.031798245614035,1.031798245614035,1.031798245614035
2020-01-16 09:00:00,1.031798245614035,1.031798245614035,1.031798245614035,1.031798245614035
2020-01-16 09:00:00,1.031798245614035,1.031798245614035,1.031798245614035,1.031798245614035
2020-01-16 09:00:00,1.031798245614035,1.031798245614035,1.031798245614035,1.031798245614035
2020-01-16 09:00:00,1.031798245614035,1.031798245614035,1.031798245614035,1.031798245614035
2020-01-16 09:00:00,1.031798245614035,1.031798245614035,1.031798245614035,1.031798245614035
2020-01-16 09:00:00,1.031798245614035,1.031798245614035,1.031798245614035,1.031798245614035
2020-01-16 09:00:00,1.031798245614035,1.031798245614035,1.031798245614035,1.031798245614035
2020-01-16 09:00:00,1.031798245614035,1.031798245614035,1.031798245614035,1.031798245614035
2020-01-16 09:00:00,1.031798245614035,1.031798245614035,1.031798245614035,1.031798245614035
2020-01-16 09:00:00,1.031798245614035,1.031798245614035,1.031798245614035,1.031798245614035
2020-01-16 09:00:00,1.031798245614035,1.031798245614035,1.031798245614035,1.031798245614035
2020-01-16 09:00:00,1.031798245614035,1.031798245614035,1.031798245614035,1.031798245614035
2020-01-16 09:00:00,1.031798245614035,1.031798245614035,1.031798245614035,1.031798245614035
2020-01-16 09:00:00,1.031798245614035,1.031798245614035,1.031798245614035,1.031798245614035
2020-01-16 09:00:00,1.031798245614035,1.031798245614035,1.031798245614035,1.031798245614035
2020-01-16 09:00:00,1.031798245614035,1.031798245614035,1.031798245614035,1.031798245614035
2020-01-16 09:00:00,1.031798245614035,1.031798245614035,1.031798245614035,1.031798245614035
2020-01-16 09:00:00,1.031798245614035,1.031798245614035,1.031798245614035,1.031798245614035
2020-01-16 09:00:00,1.031798245614035,1.031798245614035,1.031798245614035,1.031798245614035
2020-01-16 09:00:00,1.031798245614035,1.031798245614035,1.031798245614035,1.031798245614035
2020-01-16 09:00:00,1.031798245614035,1.031798245614035,1.031798245614035,1.031798245614035
2020-01-16 09:00:00,1.031798245614035,1.031798245614035,1.031798245614035,1.031798245614035
2020-01-16 09:00:00,1.031798245614035,1.031798245614035,1.031798245614035,1.031798245614035
2020-01-16 09:00:00,1.031798245614035,1.031798245614035,1.031798245614035,1.031798245614035
2020-01-16 09:00:00,1.031798245614035,1.031798245614035,1.031798245614035,1.031798245614035
2020-01-16 09:00:00,1.031798245614035,1.031798245614035,1.031798245614035,1.031798245614035
2020-01-16 09:00:00,1.031798245614035,1.031798245614035,1.031798245614035,1.031798245614035
2020-01-16 09:00:00,1.031798245614035,1.031798245614035,1.031798245614035,1.031798245614035
2020-01-16 09:00:00,1.031798245614035,1.031798245614035,1.031798245614035,1.031798245614035
2020-01-16 09:00:00,1.031798245614035,1.031798245614035,1.031798245614035,1.031798245614035
2020-01-16 09:00:00,1.031798245614035,1.031798245614035,1.031798245614035,1.031798245614035
2020-01-16 09:00:00,1.031798245614035,1.031798245614035,1.031798245614035,1.031798245614035
2020-01-16 09:00:00,1.031798245614035,1.031798245614035,1.031798245614035,1.031798245614035
2020-01-16 09:00:00,1.031798245614035,1.031798245614035,1.031798245614035,1.031798245614035
2020-01-16 09:00:00,1.031798245614035,1.031798245614035,1.031798245614035,1.031798245614035
2020-01-16 09:00:00,1.031798245614035,1.031798245614035,1.031798245614035,1.031798245614035
2020-01-16 09:00:00,1.031798245614035,1.031798245614035,1.031798245614035,1.031798245614035
2020-01-16 09:00:00,1.031798245614035,1.031798245614035,1.031798245614035,1.031798245614035
2020-01-16 09:00:00,1.031798245614035,1.031798245614035,1.031798245614035,1.031798245614035
2020-01-16 09:00:00,1.031798245614035,1.031798245614035,1.031798245614035,1.031798245614035
2020-01-16 09:00:00,1.031798245614035,1.031798245614035,1.031798245614035,1.031798245614035
2020-01-16 09:00:00,1.031798245614035,1.031798245614035,1.031798245614035,1.031798245614035
2020-01-16 09:00:00,1.031798245614035,1.031798245614035,1.031798245614035,1.031798245614035
2020-01-16 09:00:00,1.031798245614035,1.031798245614035,1.031798245614035,1.031798245614035
2020-01-16 09:00:00,1.031798245614035,1.031798245614035,1.031798245614035,1.031798245614035
2020-01-16 09:00:00,1.031798245614035,1.031798245614035,1.031798245614035,1.031798245614035
2020-01-16 09:00:00,1.031798245614035,1.031798245614035,1.031798245614035,1.031798245614035
2020-01-16 09:00:00,1.031798245614035,1.031798245614035,1.031798245614035,1.031798245614035
2020-01-16 09:00:00,1.031798245614035,1.031798245614035,1.031798245614035,1.031798245614035
2020-01-16 09:00:00,1.031798245614035,1.031798245614035,1.031798245614035,1.031798245614035
2020-01-16 09:00:00,1.031798245614035,1.031798245614035,1.031798245614035,1.031798245614035
2020-01-16 09:00:00,1.031798245614035,1.031798245614035,1.031798245614035,1.031798245614035
2020-01-16 09:00:00,1.031798245614035,1.031798245614035,1.031798245614035,1.031798245614035
2020-01-16 09:00:00,1.031798245614035,1.031798245614035,1.031798245614035,1.031798245614035
2020-01-16 09:00:00,1.031798245614035,1.031798245614035,1.031798245614035,1.031798245614035
2020-01-16 09:00:00,1.031798245614035,1.031798245614035,1.031798245614035,1.031798245614035
2020-01-16 09:00:00,1.031798245614035,1.031798245614035,1.031798245614035,1.031798245614035
2020-01-16 09:00:00,1.031798245614035,1.031798245614035,1.031798245614035,1.031798245614035
2020-01-16 09:00:00,1.031798245614035,1.031798245614035,1.031798245614035,1.031798245614035
2020-01-16 09:00:00,1.031798245614035,1.031798245614035,1.031798245614035,1.031798245614035
2020-01-16 09:00:00,1.031798245614035,1.031798245614035,1.031798245614035,1.031798245614035
2020-01-16 09:00:00,1.031798245614035,1.031798245614035,1.031798245614035,1.031798245614035
2020-01-16 09:00:00,1.031798245614035,1.031798245614035,1.031798245614035,1.031798245614035
2020-01-16 09:00:00,1.031798245614035,1.031798245614035,1.031798245614035,1.031798245614035
2020-01-16 09:00:00,1.031798245614035,1.031798245614035,1.031798245614035,1.031798245614035
2020-01-16 09:00:00,1.031798245614035,1.031798245614035,1.031798245614035,1.031798245614035
2020-01-16 09:00:00,1.031798245614035,1.031798245614035,1.031798245614035,1.031798245614035
2020-01-16 09:00:00,1.031798245614035,1.031798245614035,1.031798245614035,1.031798245614035
2020-01-16 09:00:00,1.031798245614035,1.031798245614035,1.031798245614035,1.031798245614035
2020-01-16 09:00:00,1.031798245614035,1.031798245614035,1.031798245614035,1.031798245614035
2020-01-16 09:00:00,1.031798245614035,1.031798245614035,1.031798245614035,1.031798245614035
2020-01-16 09:00:00,1.031798245614035,1.031798245614035,1.031798245614035,1.031798245614035
2020-01-16 09:00:00,1.031798245614035,1.031798245614035,1.031798245614035,1.031798245614035
2020-01-16 09:00:00,1.031798245614035,1.031798245614035,1.031798245614035,1.031798245614035
2020-01-16 09:00:00,1.031798245614035,1.031798245614035,1.031798245614035,1.031798245614035
2020-01-16 09:00:00,1.031798245614035,1.031798245614035,1.031798245614035,1.031798245614035
2020-01-16 09:00:00,1.031798245614035,1.031798245614035,1.031798245614035,1.031798245614035
2020-01-16 09:00:00,1.031798245614035,1.031798245614035,1.031798245614035,1.031798245614035
2020-01-16 09:00:00,1.031798245614035,1.031798245614035,1.031798245614035,1.031798245614035
2020-01-16 09:00:00,1.031798245614035,1.031798245614035,1.031798245614035,1.031798245614035
2020-01-16 09:00:00,1.031798245614035,1.031798245614035,1.031798245614035,1.031798245614035
